Timestamp,Equity,Cash,PositionShares,Signal
2026-03-16 09:30:00,10000.0,10000.0,0,HOLD
2026-03-16 09:31:00,10000.0,10000.0,0,HOLD
2026-03-16 09:32:00,10000.0,10000.0,0,HOLD
2026-03-16 09:33:00,10000.0,10000.0,0,HOLD
2026-03-16 09:34:00,10000.0,10000.0,0,HOLD
2026-03-16 09:35:00,10000.0,10000.0,0,HOLD
2026-03-16 09:36:00,10000.0,10000.0,0,HOLD
2026-03-16 09:37:00,10000.0,10000.0,0,HOLD
2026-03-16 09:38:00,10000.0,10000.0,0,HOLD
2026-03-16 09:39:00,10000.0,10000.0,0,HOLD
2026-03-16 09:40:00,10000.0,10000.0,0,HOLD
2026-03-16 09:41:00,10000.0,10000.0,0,HOLD
2026-03-16 09:42:00,10000.0,10000.0,0,HOLD
2026-03-16 09:43:00,10000.0,10000.0,0,HOLD
2026-03-16 09:44:00,10000.0,10000.0,0,HOLD
2026-03-16 09:45:00,10000.0,10000.0,0,HOLD
2026-03-16 09:46:00,10000.0,10000.0,0,HOLD
2026-03-16 09:47:00,10000.0,10000.0,0,HOLD
2026-03-16 09:48:00,10000.0,10000.0,0,HOLD
2026-03-16 09:49:00,10000.0,10000.0,0,HOLD
2026-03-16 09:50:00,10000.0,10000.0,0,HOLD
2026-03-16 09:51:00,10000.0,10000.0,0,HOLD
2026-03-16 09:52:00,10000.0,10000.0,0,HOLD
2026-03-16 09:53:00,10000.0,10000.0,0,HOLD
2026-03-16 09:54:00,10000.0,10000.0,0,HOLD
2026-03-16 09:55:00,10000.0,10000.0,0,HOLD
2026-03-16 09:56:00,10000.0,10000.0,0,HOLD
2026-03-16 09:57:00,10000.0,10000.0,0,HOLD
2026-03-16 09:58:00,10000.0,10000.0,0,EXIT
2026-03-16 09:59:00,10000.0,10000.0,0,HOLD
2026-03-16 10:00:00,10000.0,10000.0,0,HOLD
2026-03-16 10:01:00,10000.0,10000.0,0,HOLD
2026-03-16 10:02:00,10000.0,10000.0,0,HOLD
2026-03-16 10:03:00,10000.0,10000.0,0,HOLD
2026-03-16 10:04:00,10000.0,10000.0,0,HOLD
2026-03-16 10:05:00,10000.0,10000.0,0,EXIT
2026-03-16 10:06:00,10000.0,10000.0,0,EXIT
2026-03-16 10:07:00,10000.0,10000.0,0,HOLD
2026-03-16 10:08:00,10000.0,10000.0,0,HOLD
2026-03-16 10:09:00,10000.0,10000.0,0,HOLD
2026-03-16 10:10:00,10000.0,10000.0,0,HOLD
2026-03-16 10:11:00,10000.0,10000.0,0,HOLD
2026-03-16 10:12:00,10000.0,10000.0,0,HOLD
2026-03-16 10:13:00,10000.0,10000.0,0,HOLD
2026-03-16 10:14:00,10000.0,10000.0,0,HOLD
2026-03-16 10:15:00,10000.0,10000.0,0,HOLD
2026-03-16 10:16:00,10000.0,10000.0,0,HOLD
2026-03-16 10:17:00,10000.0,10000.0,0,HOLD
2026-03-16 10:18:00,10000.0,10000.0,0,HOLD
2026-03-16 10:19:00,10000.0,10000.0,0,HOLD
2026-03-16 10:20:00,10000.0,10000.0,0,HOLD
2026-03-16 10:21:00,10000.0,10000.0,0,HOLD
2026-03-16 10:22:00,10000.0,554.9205,86,BUY
2026-03-16 10:23:00,10048.7255,554.9205,86,BUY
2026-03-16 10:24:00,10042.8413,554.9205,86,HOLD
2026-03-16 10:25:00,10103.3265,554.9205,86,HOLD
2026-03-16 10:26:00,10099.6165,554.9205,86,HOLD
2026-03-16 10:27:00,10088.3106,554.9205,86,HOLD
2026-03-16 10:28:00,10166.1292,554.9205,86,HOLD
2026-03-16 10:29:00,10133.3618,554.9205,86,HOLD
2026-03-16 10:30:00,10068.1204,10068.1204,0,HOLD
2026-03-16 10:31:00,10068.1204,10068.1204,0,HOLD
2026-03-16 10:32:00,10068.1204,10068.1204,0,HOLD
2026-03-16 10:33:00,10068.1204,10068.1204,0,HOLD
2026-03-16 10:34:00,10068.1204,10068.1204,0,HOLD
2026-03-16 10:35:00,10068.1204,10068.1204,0,HOLD
2026-03-16 10:36:00,10068.1204,10068.1204,0,HOLD
2026-03-16 10:37:00,10068.1204,10068.1204,0,HOLD
2026-03-16 10:38:00,10068.1204,10068.1204,0,HOLD
2026-03-16 10:39:00,10068.1204,10068.1204,0,HOLD
2026-03-16 10:40:00,10068.1204,10068.1204,0,HOLD
2026-03-16 10:41:00,10068.1204,10068.1204,0,HOLD
2026-03-16 10:42:00,10068.1204,10068.1204,0,HOLD
2026-03-16 10:43:00,10068.1204,10068.1204,0,HOLD
2026-03-16 10:44:00,10068.1204,10068.1204,0,EXIT
2026-03-16 10:45:00,10068.1204,10068.1204,0,EXIT
2026-03-16 10:46:00,10068.1204,10068.1204,0,EXIT
2026-03-16 10:47:00,10068.1204,10068.1204,0,HOLD
2026-03-16 10:48:00,10068.1204,10068.1204,0,HOLD
2026-03-16 10:49:00,10068.1204,10068.1204,0,HOLD
2026-03-16 10:50:00,10068.1204,10068.1204,0,HOLD
2026-03-16 10:51:00,10068.1204,10068.1204,0,HOLD
2026-03-16 10:52:00,10068.1204,10068.1204,0,HOLD
2026-03-16 10:53:00,10068.1204,10068.1204,0,HOLD
2026-03-16 10:54:00,10068.1204,10068.1204,0,HOLD
2026-03-16 10:55:00,10068.1204,10068.1204,0,HOLD
2026-03-16 10:56:00,10068.1204,10068.1204,0,HOLD
2026-03-16 10:57:00,10068.1204,10068.1204,0,HOLD
2026-03-16 10:58:00,10068.1204,10068.1204,0,HOLD
2026-03-16 10:59:00,10068.1204,10068.1204,0,HOLD
2026-03-16 11:00:00,10068.1204,10068.1204,0,HOLD
2026-03-16 11:01:00,10068.1204,10068.1204,0,HOLD
2026-03-16 11:02:00,10068.1204,10068.1204,0,HOLD
2026-03-16 11:03:00,10068.1204,10068.1204,0,HOLD
2026-03-16 11:04:00,10068.1204,10068.1204,0,HOLD
2026-03-16 11:05:00,10068.1204,10068.1204,0,HOLD
2026-03-16 11:06:00,10068.1204,10068.1204,0,HOLD
2026-03-16 11:07:00,10068.1204,10068.1204,0,HOLD
2026-03-16 11:08:00,10068.1204,10068.1204,0,HOLD
2026-03-16 11:09:00,10068.1204,10068.1204,0,HOLD
2026-03-16 11:10:00,10068.1204,10068.1204,0,HOLD
2026-03-16 11:11:00,10068.1204,10068.1204,0,HOLD
2026-03-16 11:12:00,10068.1204,10068.1204,0,HOLD
2026-03-16 11:13:00,10068.1204,10068.1204,0,HOLD
2026-03-16 11:14:00,10068.1204,10068.1204,0,HOLD
2026-03-16 11:15:00,10068.1204,10068.1204,0,HOLD
2026-03-16 11:16:00,10068.1204,10068.1204,0,HOLD
2026-03-16 11:17:00,10068.1204,10068.1204,0,HOLD
2026-03-16 11:18:00,10068.1204,10068.1204,0,HOLD
2026-03-16 11:19:00,10068.1204,10068.1204,0,HOLD
2026-03-16 11:20:00,10068.1204,10068.1204,0,HOLD
2026-03-16 11:21:00,10068.1204,10068.1204,0,HOLD
2026-03-16 11:22:00,10068.1204,10068.1204,0,HOLD
2026-03-16 11:23:00,10068.1204,10068.1204,0,HOLD
2026-03-16 11:24:00,10068.1204,10068.1204,0,HOLD
2026-03-16 11:25:00,10068.1204,10068.1204,0,HOLD
2026-03-16 11:26:00,10068.1204,10068.1204,0,HOLD
2026-03-16 11:27:00,10068.1204,10068.1204,0,HOLD
2026-03-16 11:28:00,10068.1204,10068.1204,0,HOLD
2026-03-16 11:29:00,10068.1204,10068.1204,0,HOLD
2026-03-16 11:30:00,10068.1204,10068.1204,0,HOLD
2026-03-16 11:31:00,10068.1204,10068.1204,0,HOLD
2026-03-16 11:32:00,10068.1204,10068.1204,0,HOLD
2026-03-16 11:33:00,10068.1204,10068.1204,0,HOLD
2026-03-16 11:34:00,10068.1204,10068.1204,0,HOLD
2026-03-16 11:35:00,10068.1204,10068.1204,0,HOLD
2026-03-16 11:36:00,10068.1204,10068.1204,0,EXIT
2026-03-16 11:37:00,10068.1204,10068.1204,0,HOLD
2026-03-16 11:38:00,10068.1204,10068.1204,0,EXIT
2026-03-16 11:39:00,10068.1204,10068.1204,0,EXIT
2026-03-16 11:40:00,10068.1204,10068.1204,0,EXIT
2026-03-16 11:41:00,10068.1204,10068.1204,0,EXIT
2026-03-16 11:42:00,10068.1204,10068.1204,0,EXIT
2026-03-16 11:43:00,10068.1204,10068.1204,0,HOLD
2026-03-16 11:44:00,10068.1204,10068.1204,0,HOLD
2026-03-16 11:45:00,10068.1204,10068.1204,0,HOLD
2026-03-16 11:46:00,10068.1204,10068.1204,0,HOLD
2026-03-16 11:47:00,10068.1204,10068.1204,0,HOLD
2026-03-16 11:48:00,10068.1204,10068.1204,0,HOLD
2026-03-16 11:49:00,10068.1204,10068.1204,0,HOLD
2026-03-16 11:50:00,10068.1204,10068.1204,0,HOLD
2026-03-16 11:51:00,10068.1204,10068.1204,0,HOLD
2026-03-16 11:52:00,10068.1204,10068.1204,0,HOLD
2026-03-16 11:53:00,10068.1204,10068.1204,0,HOLD
2026-03-16 11:54:00,10068.1204,10068.1204,0,HOLD
2026-03-16 11:55:00,10068.1204,10068.1204,0,HOLD
2026-03-16 11:56:00,10068.1204,10068.1204,0,HOLD
2026-03-16 11:57:00,10068.1204,10068.1204,0,HOLD
2026-03-16 11:58:00,10068.1204,10068.1204,0,HOLD
2026-03-16 11:59:00,10068.1204,10068.1204,0,HOLD
2026-03-16 12:00:00,10068.1204,10068.1204,0,HOLD
2026-03-16 12:01:00,10068.1204,10068.1204,0,HOLD
2026-03-16 12:02:00,10068.1204,10068.1204,0,HOLD
2026-03-16 12:03:00,10068.1204,604.7035,83,BUY
2026-03-16 12:04:00,10063.0088,604.7035,83,HOLD
2026-03-16 12:05:00,10063.7348,604.7035,83,HOLD
2026-03-16 12:06:00,10021.5185,604.7035,83,HOLD
2026-03-16 12:07:00,10047.7806,604.7035,83,HOLD
2026-03-16 12:08:00,10003.8699,604.7035,83,HOLD
2026-03-16 12:09:00,9987.4362,9987.4362,0,HOLD
2026-03-16 12:10:00,9987.4362,9987.4362,0,HOLD
2026-03-16 12:11:00,9987.4362,9987.4362,0,HOLD
2026-03-16 12:12:00,9987.4362,9987.4362,0,HOLD
2026-03-16 12:13:00,9987.4362,9987.4362,0,HOLD
2026-03-16 12:14:00,9987.4362,9987.4362,0,HOLD
2026-03-16 12:15:00,9987.4362,9987.4362,0,HOLD
2026-03-16 12:16:00,9987.4362,9987.4362,0,HOLD
2026-03-16 12:17:00,9987.4362,9987.4362,0,HOLD
2026-03-16 12:18:00,9987.4362,9987.4362,0,HOLD
2026-03-16 12:19:00,9987.4362,9987.4362,0,HOLD
2026-03-16 12:20:00,9987.4362,9987.4362,0,HOLD
2026-03-16 12:21:00,9987.4362,9987.4362,0,HOLD
2026-03-16 12:22:00,9987.4362,9987.4362,0,HOLD
2026-03-16 12:23:00,9987.4362,9987.4362,0,HOLD
2026-03-16 12:24:00,9987.4362,9987.4362,0,HOLD
2026-03-16 12:25:00,9987.4362,9987.4362,0,HOLD
2026-03-16 12:26:00,9987.4362,9987.4362,0,HOLD
2026-03-16 12:27:00,9987.4362,9987.4362,0,HOLD
2026-03-16 12:28:00,9987.4362,9987.4362,0,HOLD
2026-03-16 12:29:00,9987.4362,9987.4362,0,HOLD
2026-03-16 12:30:00,9987.4362,9987.4362,0,HOLD
2026-03-16 12:31:00,9987.4362,9987.4362,0,HOLD
2026-03-16 12:32:00,9987.4362,9987.4362,0,HOLD
2026-03-16 12:33:00,9987.4362,9987.4362,0,HOLD
2026-03-16 12:34:00,9987.4362,9987.4362,0,EXIT
2026-03-16 12:35:00,9987.4362,9987.4362,0,HOLD
2026-03-16 12:36:00,9987.4362,9987.4362,0,HOLD
2026-03-16 12:37:00,9987.4362,9987.4362,0,HOLD
2026-03-16 12:38:00,9987.4362,9987.4362,0,HOLD
2026-03-16 12:39:00,9987.4362,9987.4362,0,HOLD
2026-03-16 12:40:00,9987.4362,9987.4362,0,HOLD
2026-03-16 12:41:00,9987.4362,9987.4362,0,HOLD
2026-03-16 12:42:00,9987.4362,9987.4362,0,HOLD
2026-03-16 12:43:00,9987.4362,9987.4362,0,HOLD
2026-03-16 12:44:00,9987.4362,9987.4362,0,HOLD
2026-03-16 12:45:00,9987.4362,9987.4362,0,HOLD
2026-03-16 12:46:00,9987.4362,9987.4362,0,HOLD
2026-03-16 12:47:00,9987.4362,9987.4362,0,HOLD
2026-03-16 12:48:00,9987.4362,9987.4362,0,HOLD
2026-03-16 12:49:00,9987.4362,9987.4362,0,HOLD
2026-03-16 12:50:00,9987.4362,9987.4362,0,HOLD
2026-03-16 12:51:00,9987.4362,9987.4362,0,HOLD
2026-03-16 12:52:00,9987.4362,9987.4362,0,HOLD
2026-03-16 12:53:00,9987.4362,9987.4362,0,HOLD
2026-03-16 12:54:00,9987.4362,9987.4362,0,HOLD
2026-03-16 12:55:00,9987.4362,9987.4362,0,HOLD
2026-03-16 12:56:00,9987.4362,9987.4362,0,HOLD
2026-03-16 12:57:00,9987.4362,9987.4362,0,HOLD
2026-03-16 12:58:00,9987.4362,9987.4362,0,HOLD
2026-03-16 12:59:00,9987.4362,9987.4362,0,HOLD
2026-03-16 13:00:00,9987.4362,9987.4362,0,HOLD
2026-03-16 13:01:00,9987.4362,616.1234,80,BUY
2026-03-16 13:02:00,9949.4153,616.1234,80,HOLD
2026-03-16 13:03:00,9950.7715,616.1234,80,HOLD
2026-03-16 13:04:00,9949.4512,616.1234,80,HOLD
2026-03-16 13:05:00,9899.767,9899.767,0,HOLD
2026-03-16 13:06:00,9899.767,9899.767,0,HOLD
2026-03-16 13:07:00,9899.767,9899.767,0,HOLD
2026-03-16 13:08:00,9899.767,9899.767,0,HOLD
2026-03-16 13:09:00,9899.767,9899.767,0,HOLD
2026-03-16 13:10:00,9899.767,9899.767,0,HOLD
2026-03-16 13:11:00,9899.767,9899.767,0,BUY
2026-03-16 13:12:00,9899.767,9899.767,0,HOLD
2026-03-16 13:13:00,9899.767,9899.767,0,HOLD
2026-03-16 13:14:00,9899.767,9899.767,0,HOLD
2026-03-16 13:15:00,9899.767,9899.767,0,HOLD
2026-03-16 13:16:00,9899.767,9899.767,0,HOLD
2026-03-16 13:17:00,9899.767,9899.767,0,HOLD
2026-03-16 13:18:00,9899.767,9899.767,0,HOLD
2026-03-16 13:19:00,9899.767,9899.767,0,HOLD
2026-03-16 13:20:00,9899.767,9899.767,0,HOLD
2026-03-16 13:21:00,9899.767,9899.767,0,HOLD
2026-03-16 13:22:00,9899.767,9899.767,0,HOLD
2026-03-16 13:23:00,9899.767,603.083,78,BUY
2026-03-16 13:24:00,9946.077,603.083,78,HOLD
2026-03-16 13:25:00,9938.0107,603.083,78,HOLD
2026-03-16 13:26:00,9951.7072,603.083,78,BUY
2026-03-16 13:27:00,9961.3605,603.083,78,HOLD
2026-03-16 13:28:00,9925.6735,603.083,78,HOLD
2026-03-16 13:29:00,9946.1236,603.083,78,HOLD
2026-03-16 13:30:00,9949.1845,603.083,78,HOLD
2026-03-16 13:31:00,9914.1908,603.083,78,HOLD
2026-03-16 13:32:00,9922.4769,603.083,78,HOLD
2026-03-16 13:33:00,9899.1447,603.083,78,HOLD
2026-03-16 13:34:00,9926.8969,603.083,78,HOLD
2026-03-16 13:35:00,9915.0432,603.083,78,HOLD
2026-03-16 13:36:00,9920.7053,603.083,78,HOLD
2026-03-16 13:37:00,9962.3487,603.083,78,HOLD
2026-03-16 13:38:00,9966.4278,603.083,78,HOLD
2026-03-16 13:39:00,9980.3812,603.083,78,HOLD
2026-03-16 13:40:00,9948.5103,603.083,78,HOLD
2026-03-16 13:41:00,9955.0223,603.083,78,HOLD
2026-03-16 13:42:00,10030.4558,603.083,78,HOLD
2026-03-16 13:43:00,10004.6429,603.083,78,HOLD
2026-03-16 13:44:00,10007.9198,603.083,78,HOLD
2026-03-16 13:45:00,9986.2548,603.083,78,HOLD
2026-03-16 13:46:00,10015.3225,603.083,78,HOLD
2026-03-16 13:47:00,10006.0561,603.083,78,HOLD
2026-03-16 13:48:00,9961.857,603.083,78,HOLD
2026-03-16 13:49:00,9925.0037,9925.0037,0,HOLD
2026-03-16 13:50:00,9925.0037,9925.0037,0,HOLD
2026-03-16 13:51:00,9925.0037,9925.0037,0,HOLD
2026-03-16 13:52:00,9925.0037,9925.0037,0,HOLD
2026-03-16 13:53:00,9925.0037,9925.0037,0,EXIT
2026-03-16 13:54:00,9925.0037,9925.0037,0,HOLD
2026-03-16 13:55:00,9925.0037,9925.0037,0,HOLD
2026-03-16 13:56:00,9925.0037,9925.0037,0,HOLD
2026-03-16 13:57:00,9925.0037,9925.0037,0,HOLD
2026-03-16 13:58:00,9925.0037,9925.0037,0,HOLD
2026-03-16 13:59:00,9925.0037,9925.0037,0,HOLD
2026-03-16 14:00:00,9925.0037,9925.0037,0,HOLD
2026-03-16 14:01:00,9925.0037,9925.0037,0,HOLD
2026-03-16 14:02:00,9925.0037,9925.0037,0,HOLD
2026-03-16 14:03:00,9925.0037,9925.0037,0,HOLD
2026-03-16 14:04:00,9925.0037,9925.0037,0,HOLD
2026-03-16 14:05:00,9925.0037,9925.0037,0,HOLD
2026-03-16 14:06:00,9925.0037,9925.0037,0,HOLD
2026-03-16 14:07:00,9925.0037,9925.0037,0,HOLD
2026-03-16 14:08:00,9925.0037,9925.0037,0,HOLD
2026-03-16 14:09:00,9925.0037,9925.0037,0,HOLD
2026-03-16 14:10:00,9925.0037,9925.0037,0,HOLD
2026-03-16 14:11:00,9925.0037,9925.0037,0,HOLD
2026-03-16 14:12:00,9925.0037,9925.0037,0,HOLD
2026-03-16 14:13:00,9925.0037,9925.0037,0,HOLD
2026-03-16 14:14:00,9925.0037,9925.0037,0,HOLD
2026-03-16 14:15:00,9925.0037,9925.0037,0,HOLD
2026-03-16 14:16:00,9925.0037,9925.0037,0,HOLD
2026-03-16 14:17:00,9925.0037,9925.0037,0,HOLD
2026-03-16 14:18:00,9925.0037,9925.0037,0,HOLD
2026-03-16 14:19:00,9925.0037,9925.0037,0,HOLD
2026-03-16 14:20:00,9925.0037,9925.0037,0,HOLD
2026-03-16 14:21:00,9925.0037,9925.0037,0,HOLD
2026-03-16 14:22:00,9925.0037,9925.0037,0,HOLD
2026-03-16 14:23:00,9925.0037,9925.0037,0,HOLD
2026-03-16 14:24:00,9925.0037,9925.0037,0,HOLD
2026-03-16 14:25:00,9925.0037,9925.0037,0,HOLD
2026-03-16 14:26:00,9925.0037,9925.0037,0,HOLD
2026-03-16 14:27:00,9925.0037,9925.0037,0,HOLD
2026-03-16 14:28:00,9925.0037,9925.0037,0,HOLD
2026-03-16 14:29:00,9925.0037,9925.0037,0,HOLD
2026-03-16 14:30:00,9925.0037,9925.0037,0,HOLD
2026-03-16 14:31:00,9925.0037,9925.0037,0,HOLD
2026-03-16 14:32:00,9925.0037,9925.0037,0,HOLD
2026-03-16 14:33:00,9925.0037,9925.0037,0,HOLD
2026-03-16 14:34:00,9925.0037,9925.0037,0,HOLD
2026-03-16 14:35:00,9925.0037,9925.0037,0,HOLD
2026-03-16 14:36:00,9925.0037,9925.0037,0,HOLD
2026-03-16 14:37:00,9925.0037,9925.0037,0,HOLD
2026-03-16 14:38:00,9925.0037,9925.0037,0,HOLD
2026-03-16 14:39:00,9925.0037,9925.0037,0,HOLD
2026-03-16 14:40:00,9925.0037,9925.0037,0,HOLD
2026-03-16 14:41:00,9925.0037,9925.0037,0,HOLD
2026-03-16 14:42:00,9925.0037,9925.0037,0,HOLD
2026-03-16 14:43:00,9925.0037,9925.0037,0,HOLD
2026-03-16 14:44:00,9925.0037,9925.0037,0,HOLD
2026-03-16 14:45:00,9925.0037,9925.0037,0,HOLD
2026-03-16 14:46:00,9925.0037,9925.0037,0,HOLD
2026-03-16 14:47:00,9925.0037,9925.0037,0,HOLD
2026-03-16 14:48:00,9925.0037,9925.0037,0,HOLD
2026-03-16 14:49:00,9925.0037,9925.0037,0,HOLD
2026-03-16 14:50:00,9925.0037,9925.0037,0,HOLD
2026-03-16 14:51:00,9925.0037,9925.0037,0,HOLD
2026-03-16 14:52:00,9925.0037,9925.0037,0,HOLD
2026-03-16 14:53:00,9925.0037,9925.0037,0,HOLD
2026-03-16 14:54:00,9925.0037,9925.0037,0,HOLD
2026-03-16 14:55:00,9925.0037,9925.0037,0,HOLD
2026-03-16 14:56:00,9925.0037,9925.0037,0,HOLD
2026-03-16 14:57:00,9925.0037,9925.0037,0,HOLD
2026-03-16 14:58:00,9925.0037,9925.0037,0,HOLD
2026-03-16 14:59:00,9925.0037,9925.0037,0,HOLD
2026-03-16 15:00:00,9925.0037,9925.0037,0,HOLD
2026-03-16 15:01:00,9925.0037,9925.0037,0,HOLD
2026-03-16 15:02:00,9925.0037,9925.0037,0,HOLD
2026-03-16 15:03:00,9925.0037,9925.0037,0,HOLD
2026-03-16 15:04:00,9925.0037,9925.0037,0,HOLD
2026-03-16 15:05:00,9925.0037,9925.0037,0,HOLD
2026-03-16 15:06:00,9925.0037,9925.0037,0,HOLD
2026-03-16 15:07:00,9925.0037,9925.0037,0,HOLD
2026-03-16 15:08:00,9925.0037,9925.0037,0,HOLD
2026-03-16 15:09:00,9925.0037,9925.0037,0,HOLD
2026-03-16 15:10:00,9925.0037,9925.0037,0,HOLD
2026-03-16 15:11:00,9925.0037,9925.0037,0,HOLD
2026-03-16 15:12:00,9925.0037,9925.0037,0,HOLD
2026-03-16 15:13:00,9925.0037,9925.0037,0,HOLD
2026-03-16 15:14:00,9925.0037,9925.0037,0,HOLD
2026-03-16 15:15:00,9925.0037,9925.0037,0,HOLD
2026-03-16 15:16:00,9925.0037,9925.0037,0,HOLD
2026-03-16 15:17:00,9925.0037,9925.0037,0,HOLD
2026-03-16 15:18:00,9925.0037,9925.0037,0,HOLD
2026-03-16 15:19:00,9925.0037,9925.0037,0,HOLD
2026-03-16 15:20:00,9925.0037,9925.0037,0,HOLD
2026-03-16 15:21:00,9925.0037,9925.0037,0,HOLD
2026-03-16 15:22:00,9925.0037,9925.0037,0,HOLD
2026-03-16 15:23:00,9925.0037,9925.0037,0,EXIT
2026-03-16 15:24:00,9925.0037,9925.0037,0,HOLD
2026-03-16 15:25:00,9925.0037,9925.0037,0,HOLD
2026-03-16 15:26:00,9925.0037,9925.0037,0,HOLD
2026-03-16 15:27:00,9925.0037,9925.0037,0,HOLD
2026-03-16 15:28:00,9925.0037,9925.0037,0,HOLD
2026-03-16 15:29:00,9925.0037,9925.0037,0,EXIT
2026-03-16 15:30:00,9925.0037,9925.0037,0,HOLD
2026-03-16 15:31:00,9925.0037,9925.0037,0,EXIT
2026-03-16 15:32:00,9925.0037,9925.0037,0,HOLD
2026-03-16 15:33:00,9925.0037,9925.0037,0,HOLD
2026-03-16 15:34:00,9925.0037,9925.0037,0,HOLD
2026-03-16 15:35:00,9925.0037,9925.0037,0,HOLD
2026-03-16 15:36:00,9925.0037,9925.0037,0,HOLD
2026-03-16 15:37:00,9925.0037,9925.0037,0,HOLD
2026-03-16 15:38:00,9925.0037,9925.0037,0,HOLD
2026-03-16 15:39:00,9925.0037,9925.0037,0,HOLD
2026-03-16 15:40:00,9925.0037,9925.0037,0,HOLD
2026-03-16 15:41:00,9925.0037,9925.0037,0,HOLD
2026-03-16 15:42:00,9925.0037,9925.0037,0,HOLD
2026-03-16 15:43:00,9925.0037,9925.0037,0,HOLD
2026-03-16 15:44:00,9925.0037,9925.0037,0,HOLD
2026-03-16 15:45:00,9925.0037,9925.0037,0,HOLD
2026-03-16 15:46:00,9925.0037,9925.0037,0,HOLD
2026-03-16 15:47:00,9925.0037,9925.0037,0,HOLD
2026-03-16 15:48:00,9925.0037,9925.0037,0,HOLD
2026-03-16 15:49:00,9925.0037,9925.0037,0,HOLD
2026-03-16 15:50:00,9925.0037,9925.0037,0,HOLD
2026-03-16 15:51:00,9925.0037,9925.0037,0,HOLD
2026-03-16 15:52:00,9925.0037,9925.0037,0,HOLD
2026-03-16 15:53:00,9925.0037,9925.0037,0,HOLD
2026-03-16 15:54:00,9925.0037,9925.0037,0,HOLD
2026-03-16 15:55:00,9925.0037,9925.0037,0,HOLD
2026-03-16 15:56:00,9925.0037,9925.0037,0,HOLD
2026-03-16 15:57:00,9925.0037,9925.0037,0,HOLD
2026-03-16 15:58:00,9925.0037,9925.0037,0,HOLD
2026-03-16 15:59:00,9925.0037,9925.0037,0,HOLD
2026-03-17 09:30:00,9925.0037,9925.0037,0,HOLD
2026-03-17 09:31:00,9925.0037,9925.0037,0,HOLD
2026-03-17 09:32:00,9925.0037,9925.0037,0,HOLD
2026-03-17 09:33:00,9925.0037,9925.0037,0,HOLD
2026-03-17 09:34:00,9925.0037,9925.0037,0,HOLD
2026-03-17 09:35:00,9925.0037,9925.0037,0,HOLD
2026-03-17 09:36:00,9925.0037,9925.0037,0,HOLD
2026-03-17 09:37:00,9925.0037,9925.0037,0,HOLD
2026-03-17 09:38:00,9925.0037,505.5174,70,BUY
2026-03-17 09:39:00,9921.5143,505.5174,70,HOLD
2026-03-17 09:40:00,9889.9673,505.5174,70,HOLD
2026-03-17 09:41:00,9885.7701,505.5174,70,HOLD
2026-03-17 09:42:00,9933.6921,505.5174,70,HOLD
2026-03-17 09:43:00,9956.9819,505.5174,70,HOLD
2026-03-17 09:44:00,9894.6324,505.5174,70,BUY
2026-03-17 09:45:00,9843.0005,9843.0005,0,HOLD
2026-03-17 09:46:00,9843.0005,9843.0005,0,HOLD
2026-03-17 09:47:00,9843.0005,9843.0005,0,HOLD
2026-03-17 09:48:00,9843.0005,9843.0005,0,HOLD
2026-03-17 09:49:00,9843.0005,9843.0005,0,HOLD
2026-03-17 09:50:00,9843.0005,9843.0005,0,HOLD
2026-03-17 09:51:00,9843.0005,9843.0005,0,HOLD
2026-03-17 09:52:00,9843.0005,9843.0005,0,HOLD
2026-03-17 09:53:00,9843.0005,9843.0005,0,HOLD
2026-03-17 09:54:00,9843.0005,9843.0005,0,HOLD
2026-03-17 09:55:00,9843.0005,9843.0005,0,HOLD
2026-03-17 09:56:00,9843.0005,9843.0005,0,HOLD
2026-03-17 09:57:00,9843.0005,9843.0005,0,HOLD
2026-03-17 09:58:00,9843.0005,9843.0005,0,HOLD
2026-03-17 09:59:00,9843.0005,9843.0005,0,HOLD
2026-03-17 10:00:00,9843.0005,9843.0005,0,HOLD
2026-03-17 10:01:00,9843.0005,9843.0005,0,HOLD
2026-03-17 10:02:00,9843.0005,9843.0005,0,HOLD
2026-03-17 10:03:00,9843.0005,9843.0005,0,HOLD
2026-03-17 10:04:00,9843.0005,9843.0005,0,HOLD
2026-03-17 10:05:00,9843.0005,9843.0005,0,HOLD
2026-03-17 10:06:00,9843.0005,9843.0005,0,HOLD
2026-03-17 10:07:00,9843.0005,9843.0005,0,HOLD
2026-03-17 10:08:00,9843.0005,9843.0005,0,HOLD
2026-03-17 10:09:00,9843.0005,9843.0005,0,HOLD
2026-03-17 10:10:00,9843.0005,9843.0005,0,HOLD
2026-03-17 10:11:00,9843.0005,9843.0005,0,HOLD
2026-03-17 10:12:00,9843.0005,9843.0005,0,HOLD
2026-03-17 10:13:00,9843.0005,9843.0005,0,HOLD
2026-03-17 10:14:00,9843.0005,9843.0005,0,HOLD
2026-03-17 10:15:00,9843.0005,9843.0005,0,HOLD
2026-03-17 10:16:00,9843.0005,9843.0005,0,HOLD
2026-03-17 10:17:00,9843.0005,9843.0005,0,HOLD
2026-03-17 10:18:00,9843.0005,9843.0005,0,HOLD
2026-03-17 10:19:00,9843.0005,9843.0005,0,HOLD
2026-03-17 10:20:00,9843.0005,9843.0005,0,HOLD
2026-03-17 10:21:00,9843.0005,9843.0005,0,HOLD
2026-03-17 10:22:00,9843.0005,9843.0005,0,HOLD
2026-03-17 10:23:00,9843.0005,9843.0005,0,HOLD
2026-03-17 10:24:00,9843.0005,9843.0005,0,HOLD
2026-03-17 10:25:00,9843.0005,9843.0005,0,EXIT
2026-03-17 10:26:00,9843.0005,9843.0005,0,EXIT
2026-03-17 10:27:00,9843.0005,9843.0005,0,EXIT
2026-03-17 10:28:00,9843.0005,9843.0005,0,EXIT
2026-03-17 10:29:00,9843.0005,9843.0005,0,EXIT
2026-03-17 10:30:00,9843.0005,9843.0005,0,EXIT
2026-03-17 10:31:00,9843.0005,9843.0005,0,EXIT
2026-03-17 10:32:00,9843.0005,9843.0005,0,HOLD
2026-03-17 10:33:00,9843.0005,9843.0005,0,HOLD
2026-03-17 10:34:00,9843.0005,9843.0005,0,HOLD
2026-03-17 10:35:00,9843.0005,9843.0005,0,HOLD
2026-03-17 10:36:00,9843.0005,9843.0005,0,HOLD
2026-03-17 10:37:00,9843.0005,9843.0005,0,EXIT
2026-03-17 10:38:00,9843.0005,9843.0005,0,HOLD
2026-03-17 10:39:00,9843.0005,9843.0005,0,EXIT
2026-03-17 10:40:00,9843.0005,9843.0005,0,EXIT
2026-03-17 10:41:00,9843.0005,9843.0005,0,EXIT
2026-03-17 10:42:00,9843.0005,9843.0005,0,HOLD
2026-03-17 10:43:00,9843.0005,9843.0005,0,EXIT
2026-03-17 10:44:00,9843.0005,9843.0005,0,HOLD
2026-03-17 10:45:00,9843.0005,9843.0005,0,HOLD
2026-03-17 10:46:00,9843.0005,9843.0005,0,HOLD
2026-03-17 10:47:00,9843.0005,9843.0005,0,HOLD
2026-03-17 10:48:00,9843.0005,9843.0005,0,HOLD
2026-03-17 10:49:00,9843.0005,9843.0005,0,HOLD
2026-03-17 10:50:00,9843.0005,9843.0005,0,EXIT
2026-03-17 10:51:00,9843.0005,9843.0005,0,EXIT
2026-03-17 10:52:00,9843.0005,9843.0005,0,HOLD
2026-03-17 10:53:00,9843.0005,9843.0005,0,EXIT
2026-03-17 10:54:00,9843.0005,9843.0005,0,EXIT
2026-03-17 10:55:00,9843.0005,9843.0005,0,HOLD
2026-03-17 10:56:00,9843.0005,9843.0005,0,HOLD
2026-03-17 10:57:00,9843.0005,9843.0005,0,HOLD
2026-03-17 10:58:00,9843.0005,9843.0005,0,HOLD
2026-03-17 10:59:00,9843.0005,9843.0005,0,HOLD
2026-03-17 11:00:00,9843.0005,9843.0005,0,HOLD
2026-03-17 11:01:00,9843.0005,9843.0005,0,HOLD
2026-03-17 11:02:00,9843.0005,9843.0005,0,HOLD
2026-03-17 11:03:00,9843.0005,9843.0005,0,HOLD
2026-03-17 11:04:00,9843.0005,9843.0005,0,HOLD
2026-03-17 11:05:00,9843.0005,9843.0005,0,HOLD
2026-03-17 11:06:00,9843.0005,9843.0005,0,HOLD
2026-03-17 11:07:00,9843.0005,9843.0005,0,HOLD
2026-03-17 11:08:00,9843.0005,9843.0005,0,HOLD
2026-03-17 11:09:00,9843.0005,9843.0005,0,HOLD
2026-03-17 11:10:00,9843.0005,9843.0005,0,HOLD
2026-03-17 11:11:00,9843.0005,9843.0005,0,HOLD
2026-03-17 11:12:00,9843.0005,9843.0005,0,HOLD
2026-03-17 11:13:00,9843.0005,9843.0005,0,HOLD
2026-03-17 11:14:00,9843.0005,9843.0005,0,HOLD
2026-03-17 11:15:00,9843.0005,9843.0005,0,HOLD
2026-03-17 11:16:00,9843.0005,9843.0005,0,HOLD
2026-03-17 11:17:00,9843.0005,9843.0005,0,HOLD
2026-03-17 11:18:00,9843.0005,9843.0005,0,HOLD
2026-03-17 11:19:00,9843.0005,9843.0005,0,HOLD
2026-03-17 11:20:00,9843.0005,9843.0005,0,HOLD
2026-03-17 11:21:00,9843.0005,9843.0005,0,HOLD
2026-03-17 11:22:00,9843.0005,9843.0005,0,HOLD
2026-03-17 11:23:00,9843.0005,9843.0005,0,HOLD
2026-03-17 11:24:00,9843.0005,9843.0005,0,HOLD
2026-03-17 11:25:00,9843.0005,9843.0005,0,HOLD
2026-03-17 11:26:00,9843.0005,9843.0005,0,HOLD
2026-03-17 11:27:00,9843.0005,9843.0005,0,HOLD
2026-03-17 11:28:00,9843.0005,9843.0005,0,HOLD
2026-03-17 11:29:00,9843.0005,9843.0005,0,HOLD
2026-03-17 11:30:00,9843.0005,9843.0005,0,HOLD
2026-03-17 11:31:00,9843.0005,9843.0005,0,HOLD
2026-03-17 11:32:00,9843.0005,9843.0005,0,HOLD
2026-03-17 11:33:00,9843.0005,9843.0005,0,HOLD
2026-03-17 11:34:00,9843.0005,9843.0005,0,HOLD
2026-03-17 11:35:00,9843.0005,9843.0005,0,HOLD
2026-03-17 11:36:00,9843.0005,9843.0005,0,HOLD
2026-03-17 11:37:00,9843.0005,9843.0005,0,HOLD
2026-03-17 11:38:00,9843.0005,9843.0005,0,HOLD
2026-03-17 11:39:00,9843.0005,9843.0005,0,HOLD
2026-03-17 11:40:00,9843.0005,9843.0005,0,HOLD
2026-03-17 11:41:00,9843.0005,9843.0005,0,HOLD
2026-03-17 11:42:00,9843.0005,9843.0005,0,HOLD
2026-03-17 11:43:00,9843.0005,9843.0005,0,HOLD
2026-03-17 11:44:00,9843.0005,9843.0005,0,HOLD
2026-03-17 11:45:00,9843.0005,9843.0005,0,HOLD
2026-03-17 11:46:00,9843.0005,9843.0005,0,EXIT
2026-03-17 11:47:00,9843.0005,9843.0005,0,EXIT
2026-03-17 11:48:00,9843.0005,9843.0005,0,EXIT
2026-03-17 11:49:00,9843.0005,9843.0005,0,EXIT
2026-03-17 11:50:00,9843.0005,9843.0005,0,EXIT
2026-03-17 11:51:00,9843.0005,9843.0005,0,EXIT
2026-03-17 11:52:00,9843.0005,9843.0005,0,EXIT
2026-03-17 11:53:00,9843.0005,9843.0005,0,EXIT
2026-03-17 11:54:00,9843.0005,9843.0005,0,HOLD
2026-03-17 11:55:00,9843.0005,9843.0005,0,HOLD
2026-03-17 11:56:00,9843.0005,9843.0005,0,HOLD
2026-03-17 11:57:00,9843.0005,9843.0005,0,HOLD
2026-03-17 11:58:00,9843.0005,9843.0005,0,HOLD
2026-03-17 11:59:00,9843.0005,9843.0005,0,HOLD
2026-03-17 12:00:00,9843.0005,9843.0005,0,HOLD
2026-03-17 12:01:00,9843.0005,9843.0005,0,HOLD
2026-03-17 12:02:00,9843.0005,9843.0005,0,HOLD
2026-03-17 12:03:00,9843.0005,9843.0005,0,HOLD
2026-03-17 12:04:00,9843.0005,9843.0005,0,HOLD
2026-03-17 12:05:00,9843.0005,9843.0005,0,HOLD
2026-03-17 12:06:00,9843.0005,9843.0005,0,HOLD
2026-03-17 12:07:00,9843.0005,9843.0005,0,HOLD
2026-03-17 12:08:00,9843.0005,9843.0005,0,HOLD
2026-03-17 12:09:00,9843.0005,9843.0005,0,HOLD
2026-03-17 12:10:00,9843.0005,9843.0005,0,HOLD
2026-03-17 12:11:00,9843.0005,9843.0005,0,HOLD
2026-03-17 12:12:00,9843.0005,9843.0005,0,HOLD
2026-03-17 12:13:00,9843.0005,9843.0005,0,HOLD
2026-03-17 12:14:00,9843.0005,9843.0005,0,HOLD
2026-03-17 12:15:00,9843.0005,9843.0005,0,HOLD
2026-03-17 12:16:00,9843.0005,9843.0005,0,HOLD
2026-03-17 12:17:00,9843.0005,9843.0005,0,HOLD
2026-03-17 12:18:00,9843.0005,9843.0005,0,HOLD
2026-03-17 12:19:00,9843.0005,9843.0005,0,HOLD
2026-03-17 12:20:00,9843.0005,9843.0005,0,HOLD
2026-03-17 12:21:00,9843.0005,9843.0005,0,HOLD
2026-03-17 12:22:00,9843.0005,9843.0005,0,HOLD
2026-03-17 12:23:00,9843.0005,9843.0005,0,HOLD
2026-03-17 12:24:00,9843.0005,9843.0005,0,EXIT
2026-03-17 12:25:00,9843.0005,9843.0005,0,HOLD
2026-03-17 12:26:00,9843.0005,9843.0005,0,HOLD
2026-03-17 12:27:00,9843.0005,9843.0005,0,HOLD
2026-03-17 12:28:00,9843.0005,9843.0005,0,HOLD
2026-03-17 12:29:00,9843.0005,9843.0005,0,HOLD
2026-03-17 12:30:00,9843.0005,9843.0005,0,EXIT
2026-03-17 12:31:00,9843.0005,9843.0005,0,HOLD
2026-03-17 12:32:00,9843.0005,9843.0005,0,EXIT
2026-03-17 12:33:00,9843.0005,9843.0005,0,HOLD
2026-03-17 12:34:00,9843.0005,9843.0005,0,EXIT
2026-03-17 12:35:00,9843.0005,9843.0005,0,EXIT
2026-03-17 12:36:00,9843.0005,9843.0005,0,HOLD
2026-03-17 12:37:00,9843.0005,9843.0005,0,HOLD
2026-03-17 12:38:00,9843.0005,9843.0005,0,HOLD
2026-03-17 12:39:00,9843.0005,9843.0005,0,HOLD
2026-03-17 12:40:00,9843.0005,9843.0005,0,HOLD
2026-03-17 12:41:00,9843.0005,9843.0005,0,HOLD
2026-03-17 12:42:00,9843.0005,9843.0005,0,HOLD
2026-03-17 12:43:00,9843.0005,9843.0005,0,HOLD
2026-03-17 12:44:00,9843.0005,9843.0005,0,HOLD
2026-03-17 12:45:00,9843.0005,9843.0005,0,HOLD
2026-03-17 12:46:00,9843.0005,9843.0005,0,HOLD
2026-03-17 12:47:00,9843.0005,9843.0005,0,HOLD
2026-03-17 12:48:00,9843.0005,9843.0005,0,HOLD
2026-03-17 12:49:00,9843.0005,9843.0005,0,HOLD
2026-03-17 12:50:00,9843.0005,9843.0005,0,HOLD
2026-03-17 12:51:00,9843.0005,9843.0005,0,HOLD
2026-03-17 12:52:00,9843.0005,9843.0005,0,HOLD
2026-03-17 12:53:00,9843.0005,9843.0005,0,HOLD
2026-03-17 12:54:00,9843.0005,9843.0005,0,HOLD
2026-03-17 12:55:00,9843.0005,9843.0005,0,HOLD
2026-03-17 12:56:00,9843.0005,9843.0005,0,HOLD
2026-03-17 12:57:00,9843.0005,9843.0005,0,HOLD
2026-03-17 12:58:00,9843.0005,9843.0005,0,HOLD
2026-03-17 12:59:00,9843.0005,9843.0005,0,HOLD
2026-03-17 13:00:00,9843.0005,9843.0005,0,HOLD
2026-03-17 13:01:00,9843.0005,9843.0005,0,HOLD
2026-03-17 13:02:00,9843.0005,9843.0005,0,HOLD
2026-03-17 13:03:00,9843.0005,9843.0005,0,HOLD
2026-03-17 13:04:00,9843.0005,9843.0005,0,HOLD
2026-03-17 13:05:00,9843.0005,546.0127,71,BUY
2026-03-17 13:06:00,9835.4368,546.0127,71,HOLD
2026-03-17 13:07:00,9847.9682,546.0127,71,HOLD
2026-03-17 13:08:00,9837.217,546.0127,71,HOLD
2026-03-17 13:09:00,9859.4198,546.0127,71,HOLD
2026-03-17 13:10:00,9881.9519,546.0127,71,HOLD
2026-03-17 13:11:00,9932.6208,546.0127,71,HOLD
2026-03-17 13:12:00,9882.8268,546.0127,71,HOLD
2026-03-17 13:13:00,9890.497,546.0127,71,HOLD
2026-03-17 13:14:00,9925.1463,546.0127,71,HOLD
2026-03-17 13:15:00,9911.5171,546.0127,71,HOLD
2026-03-17 13:16:00,9952.39,546.0127,71,HOLD
2026-03-17 13:17:00,9925.6365,546.0127,71,HOLD
2026-03-17 13:18:00,9868.5772,9868.5772,0,HOLD
2026-03-17 13:19:00,9868.5772,9868.5772,0,HOLD
2026-03-17 13:20:00,9868.5772,9868.5772,0,HOLD
2026-03-17 13:21:00,9868.5772,9868.5772,0,HOLD
2026-03-17 13:22:00,9868.5772,9868.5772,0,HOLD
2026-03-17 13:23:00,9868.5772,9868.5772,0,HOLD
2026-03-17 13:24:00,9868.5772,9868.5772,0,HOLD
2026-03-17 13:25:00,9868.5772,9868.5772,0,HOLD
2026-03-17 13:26:00,9868.5772,9868.5772,0,HOLD
2026-03-17 13:27:00,9868.5772,9868.5772,0,HOLD
2026-03-17 13:28:00,9868.5772,9868.5772,0,HOLD
2026-03-17 13:29:00,9868.5772,9868.5772,0,HOLD
2026-03-17 13:30:00,9868.5772,9868.5772,0,HOLD
2026-03-17 13:31:00,9868.5772,9868.5772,0,HOLD
2026-03-17 13:32:00,9868.5772,9868.5772,0,HOLD
2026-03-17 13:33:00,9868.5772,9868.5772,0,HOLD
2026-03-17 13:34:00,9868.5772,9868.5772,0,EXIT
2026-03-17 13:35:00,9868.5772,9868.5772,0,EXIT
2026-03-17 13:36:00,9868.5772,9868.5772,0,HOLD
2026-03-17 13:37:00,9868.5772,9868.5772,0,EXIT
2026-03-17 13:38:00,9868.5772,9868.5772,0,HOLD
2026-03-17 13:39:00,9868.5772,9868.5772,0,HOLD
2026-03-17 13:40:00,9868.5772,9868.5772,0,HOLD
2026-03-17 13:41:00,9868.5772,9868.5772,0,EXIT
2026-03-17 13:42:00,9868.5772,9868.5772,0,EXIT
2026-03-17 13:43:00,9868.5772,9868.5772,0,EXIT
2026-03-17 13:44:00,9868.5772,9868.5772,0,EXIT
2026-03-17 13:45:00,9868.5772,9868.5772,0,EXIT
2026-03-17 13:46:00,9868.5772,9868.5772,0,EXIT
2026-03-17 13:47:00,9868.5772,9868.5772,0,EXIT
2026-03-17 13:48:00,9868.5772,9868.5772,0,SELL
2026-03-17 13:49:00,9868.5772,9868.5772,0,HOLD
2026-03-17 13:50:00,9868.5772,9868.5772,0,HOLD
2026-03-17 13:51:00,9868.5772,9868.5772,0,HOLD
2026-03-17 13:52:00,9868.5772,9868.5772,0,HOLD
2026-03-17 13:53:00,9868.5772,9868.5772,0,HOLD
2026-03-17 13:54:00,9868.5772,9868.5772,0,HOLD
2026-03-17 13:55:00,9868.5772,9868.5772,0,HOLD
2026-03-17 13:56:00,9868.5772,9868.5772,0,HOLD
2026-03-17 13:57:00,9868.5772,9868.5772,0,HOLD
2026-03-17 13:58:00,9868.5772,9868.5772,0,HOLD
2026-03-17 13:59:00,9868.5772,9868.5772,0,HOLD
2026-03-17 14:00:00,9868.5772,9868.5772,0,HOLD
2026-03-17 14:01:00,9868.5772,9868.5772,0,HOLD
2026-03-17 14:02:00,9868.5772,9868.5772,0,HOLD
2026-03-17 14:03:00,9868.5772,9868.5772,0,HOLD
2026-03-17 14:04:00,9868.5772,9868.5772,0,HOLD
2026-03-17 14:05:00,9868.5772,9868.5772,0,HOLD
2026-03-17 14:06:00,9868.5772,9868.5772,0,HOLD
2026-03-17 14:07:00,9868.5772,9868.5772,0,HOLD
2026-03-17 14:08:00,9868.5772,9868.5772,0,HOLD
2026-03-17 14:09:00,9868.5772,9868.5772,0,HOLD
2026-03-17 14:10:00,9868.5772,9868.5772,0,HOLD
2026-03-17 14:11:00,9868.5772,9868.5772,0,HOLD
2026-03-17 14:12:00,9868.5772,9868.5772,0,HOLD
2026-03-17 14:13:00,9868.5772,9868.5772,0,HOLD
2026-03-17 14:14:00,9868.5772,9868.5772,0,HOLD
2026-03-17 14:15:00,9868.5772,9868.5772,0,EXIT
2026-03-17 14:16:00,9868.5772,9868.5772,0,EXIT
2026-03-17 14:17:00,9868.5772,9868.5772,0,EXIT
2026-03-17 14:18:00,9868.5772,9868.5772,0,HOLD
2026-03-17 14:19:00,9868.5772,9868.5772,0,HOLD
2026-03-17 14:20:00,9868.5772,9868.5772,0,HOLD
2026-03-17 14:21:00,9868.5772,9868.5772,0,HOLD
2026-03-17 14:22:00,9868.5772,9868.5772,0,HOLD
2026-03-17 14:23:00,9868.5772,9868.5772,0,HOLD
2026-03-17 14:24:00,9868.5772,9868.5772,0,HOLD
2026-03-17 14:25:00,9868.5772,9868.5772,0,HOLD
2026-03-17 14:26:00,9868.5772,9868.5772,0,HOLD
2026-03-17 14:27:00,9868.5772,9868.5772,0,HOLD
2026-03-17 14:28:00,9868.5772,9868.5772,0,HOLD
2026-03-17 14:29:00,9868.5772,9868.5772,0,HOLD
2026-03-17 14:30:00,9868.5772,9868.5772,0,HOLD
2026-03-17 14:31:00,9868.5772,9868.5772,0,HOLD
2026-03-17 14:32:00,9868.5772,9868.5772,0,HOLD
2026-03-17 14:33:00,9868.5772,9868.5772,0,HOLD
2026-03-17 14:34:00,9868.5772,9868.5772,0,HOLD
2026-03-17 14:35:00,9868.5772,9868.5772,0,HOLD
2026-03-17 14:36:00,9868.5772,9868.5772,0,HOLD
2026-03-17 14:37:00,9868.5772,9868.5772,0,HOLD
2026-03-17 14:38:00,9868.5772,9868.5772,0,HOLD
2026-03-17 14:39:00,9868.5772,9868.5772,0,HOLD
2026-03-17 14:40:00,9868.5772,596.2534,73,BUY
2026-03-17 14:41:00,9854.8434,596.2534,73,HOLD
2026-03-17 14:42:00,9885.9255,596.2534,73,BUY
2026-03-17 14:43:00,9909.009,596.2534,73,HOLD
2026-03-17 14:44:00,9943.0494,596.2534,73,HOLD
2026-03-17 14:45:00,9923.0353,596.2534,73,HOLD
2026-03-17 14:46:00,9934.799,596.2534,73,HOLD
2026-03-17 14:47:00,9938.5541,596.2534,73,HOLD
2026-03-17 14:48:00,9871.8105,9871.8105,0,HOLD
2026-03-17 14:49:00,9871.8105,9871.8105,0,HOLD
2026-03-17 14:50:00,9871.8105,9871.8105,0,HOLD
2026-03-17 14:51:00,9871.8105,9871.8105,0,HOLD
2026-03-17 14:52:00,9871.8105,9871.8105,0,HOLD
2026-03-17 14:53:00,9871.8105,9871.8105,0,HOLD
2026-03-17 14:54:00,9871.8105,9871.8105,0,HOLD
2026-03-17 14:55:00,9871.8105,9871.8105,0,HOLD
2026-03-17 14:56:00,9871.8105,9871.8105,0,HOLD
2026-03-17 14:57:00,9871.8105,9871.8105,0,HOLD
2026-03-17 14:58:00,9871.8105,9871.8105,0,HOLD
2026-03-17 14:59:00,9871.8105,9871.8105,0,HOLD
2026-03-17 15:00:00,9871.8105,9871.8105,0,HOLD
2026-03-17 15:01:00,9871.8105,9871.8105,0,HOLD
2026-03-17 15:02:00,9871.8105,9871.8105,0,HOLD
2026-03-17 15:03:00,9871.8105,9871.8105,0,HOLD
2026-03-17 15:04:00,9871.8105,9871.8105,0,HOLD
2026-03-17 15:05:00,9871.8105,9871.8105,0,HOLD
2026-03-17 15:06:00,9871.8105,9871.8105,0,HOLD
2026-03-17 15:07:00,9871.8105,9871.8105,0,HOLD
2026-03-17 15:08:00,9871.8105,9871.8105,0,HOLD
2026-03-17 15:09:00,9871.8105,9871.8105,0,EXIT
2026-03-17 15:10:00,9871.8105,9871.8105,0,HOLD
2026-03-17 15:11:00,9871.8105,9871.8105,0,HOLD
2026-03-17 15:12:00,9871.8105,9871.8105,0,HOLD
2026-03-17 15:13:00,9871.8105,9871.8105,0,HOLD
2026-03-17 15:14:00,9871.8105,9871.8105,0,HOLD
2026-03-17 15:15:00,9871.8105,9871.8105,0,HOLD
2026-03-17 15:16:00,9871.8105,9871.8105,0,HOLD
2026-03-17 15:17:00,9871.8105,9871.8105,0,HOLD
2026-03-17 15:18:00,9871.8105,9871.8105,0,HOLD
2026-03-17 15:19:00,9871.8105,9871.8105,0,HOLD
2026-03-17 15:20:00,9871.8105,9871.8105,0,HOLD
2026-03-17 15:21:00,9871.8105,9871.8105,0,HOLD
2026-03-17 15:22:00,9871.8105,9871.8105,0,HOLD
2026-03-17 15:23:00,9871.8105,9871.8105,0,HOLD
2026-03-17 15:24:00,9871.8105,9871.8105,0,HOLD
2026-03-17 15:25:00,9871.8105,9871.8105,0,HOLD
2026-03-17 15:26:00,9871.8105,9871.8105,0,EXIT
2026-03-17 15:27:00,9871.8105,9871.8105,0,EXIT
2026-03-17 15:28:00,9871.8105,9871.8105,0,EXIT
2026-03-17 15:29:00,9871.8105,9871.8105,0,HOLD
2026-03-17 15:30:00,9871.8105,9871.8105,0,EXIT
2026-03-17 15:31:00,9871.8105,9871.8105,0,EXIT
2026-03-17 15:32:00,9871.8105,9871.8105,0,HOLD
2026-03-17 15:33:00,9871.8105,9871.8105,0,EXIT
2026-03-17 15:34:00,9871.8105,9871.8105,0,HOLD
2026-03-17 15:35:00,9871.8105,9871.8105,0,HOLD
2026-03-17 15:36:00,9871.8105,9871.8105,0,HOLD
2026-03-17 15:37:00,9871.8105,9871.8105,0,EXIT
2026-03-17 15:38:00,9871.8105,9871.8105,0,HOLD
2026-03-17 15:39:00,9871.8105,9871.8105,0,HOLD
2026-03-17 15:40:00,9871.8105,9871.8105,0,HOLD
2026-03-17 15:41:00,9871.8105,9871.8105,0,HOLD
2026-03-17 15:42:00,9871.8105,9871.8105,0,HOLD
2026-03-17 15:43:00,9871.8105,9871.8105,0,HOLD
2026-03-17 15:44:00,9871.8105,9871.8105,0,HOLD
2026-03-17 15:45:00,9871.8105,9871.8105,0,HOLD
2026-03-17 15:46:00,9871.8105,9871.8105,0,HOLD
2026-03-17 15:47:00,9871.8105,9871.8105,0,HOLD
2026-03-17 15:48:00,9871.8105,9871.8105,0,HOLD
2026-03-17 15:49:00,9871.8105,9871.8105,0,HOLD
2026-03-17 15:50:00,9871.8105,9871.8105,0,HOLD
2026-03-17 15:51:00,9871.8105,9871.8105,0,HOLD
2026-03-17 15:52:00,9871.8105,9871.8105,0,HOLD
2026-03-17 15:53:00,9871.8105,9871.8105,0,HOLD
2026-03-17 15:54:00,9871.8105,9871.8105,0,HOLD
2026-03-17 15:55:00,9871.8105,9871.8105,0,HOLD
2026-03-17 15:56:00,9871.8105,9871.8105,0,HOLD
2026-03-17 15:57:00,9871.8105,9871.8105,0,HOLD
2026-03-17 15:58:00,9871.8105,9871.8105,0,HOLD
2026-03-17 15:59:00,9871.8105,9871.8105,0,HOLD
2026-03-18 09:30:00,9871.8105,9871.8105,0,HOLD
2026-03-18 09:31:00,9871.8105,9871.8105,0,HOLD
2026-03-18 09:32:00,9871.8105,9871.8105,0,HOLD
2026-03-18 09:33:00,9871.8105,9871.8105,0,HOLD
2026-03-18 09:34:00,9871.8105,9871.8105,0,HOLD
2026-03-18 09:35:00,9871.8105,9871.8105,0,HOLD
2026-03-18 09:36:00,9871.8105,9871.8105,0,HOLD
2026-03-18 09:37:00,9871.8105,9871.8105,0,HOLD
2026-03-18 09:38:00,9871.8105,9871.8105,0,HOLD
2026-03-18 09:39:00,9871.8105,9871.8105,0,HOLD
2026-03-18 09:40:00,9871.8105,9871.8105,0,HOLD
2026-03-18 09:41:00,9871.8105,9871.8105,0,HOLD
2026-03-18 09:42:00,9871.8105,9871.8105,0,HOLD
2026-03-18 09:43:00,9871.8105,9871.8105,0,HOLD
2026-03-18 09:44:00,9871.8105,9871.8105,0,HOLD
2026-03-18 09:45:00,9871.8105,9871.8105,0,HOLD
2026-03-18 09:46:00,9871.8105,9871.8105,0,HOLD
2026-03-18 09:47:00,9871.8105,9871.8105,0,HOLD
2026-03-18 09:48:00,9871.8105,9871.8105,0,EXIT
2026-03-18 09:49:00,9871.8105,9871.8105,0,EXIT
2026-03-18 09:50:00,9871.8105,9871.8105,0,EXIT
2026-03-18 09:51:00,9871.8105,9871.8105,0,EXIT
2026-03-18 09:52:00,9871.8105,9871.8105,0,EXIT
2026-03-18 09:53:00,9871.8105,9871.8105,0,EXIT
2026-03-18 09:54:00,9871.8105,9871.8105,0,EXIT
2026-03-18 09:55:00,9871.8105,9871.8105,0,EXIT
2026-03-18 09:56:00,9871.8105,9871.8105,0,EXIT
2026-03-18 09:57:00,9871.8105,9871.8105,0,EXIT
2026-03-18 09:58:00,9871.8105,9871.8105,0,EXIT
2026-03-18 09:59:00,9871.8105,9871.8105,0,EXIT
2026-03-18 10:00:00,9871.8105,9871.8105,0,EXIT
2026-03-18 10:01:00,9871.8105,9871.8105,0,HOLD
2026-03-18 10:02:00,9871.8105,9871.8105,0,HOLD
2026-03-18 10:03:00,9871.8105,9871.8105,0,HOLD
2026-03-18 10:04:00,9871.8105,9871.8105,0,EXIT
2026-03-18 10:05:00,9871.8105,9871.8105,0,EXIT
2026-03-18 10:06:00,9871.8105,9871.8105,0,SELL
2026-03-18 10:07:00,9871.8105,9871.8105,0,HOLD
2026-03-18 10:08:00,9871.8105,9871.8105,0,HOLD
2026-03-18 10:09:00,9871.8105,9871.8105,0,HOLD
2026-03-18 10:10:00,9871.8105,9871.8105,0,HOLD
2026-03-18 10:11:00,9871.8105,9871.8105,0,HOLD
2026-03-18 10:12:00,9871.8105,9871.8105,0,HOLD
2026-03-18 10:13:00,9871.8105,9871.8105,0,HOLD
2026-03-18 10:14:00,9871.8105,9871.8105,0,HOLD
2026-03-18 10:15:00,9871.8105,9871.8105,0,HOLD
2026-03-18 10:16:00,9871.8105,9871.8105,0,HOLD
2026-03-18 10:17:00,9871.8105,9871.8105,0,HOLD
2026-03-18 10:18:00,9871.8105,9871.8105,0,HOLD
2026-03-18 10:19:00,9871.8105,9871.8105,0,HOLD
2026-03-18 10:20:00,9871.8105,9871.8105,0,HOLD
2026-03-18 10:21:00,9871.8105,9871.8105,0,HOLD
2026-03-18 10:22:00,9871.8105,9871.8105,0,HOLD
2026-03-18 10:23:00,9871.8105,9871.8105,0,EXIT
2026-03-18 10:24:00,9871.8105,9871.8105,0,EXIT
2026-03-18 10:25:00,9871.8105,9871.8105,0,HOLD
2026-03-18 10:26:00,9871.8105,9871.8105,0,HOLD
2026-03-18 10:27:00,9871.8105,9871.8105,0,HOLD
2026-03-18 10:28:00,9871.8105,9871.8105,0,HOLD
2026-03-18 10:29:00,9871.8105,9871.8105,0,HOLD
2026-03-18 10:30:00,9871.8105,9871.8105,0,HOLD
2026-03-18 10:31:00,9871.8105,577.0158,76,BUY
2026-03-18 10:32:00,9888.4056,577.0158,76,HOLD
2026-03-18 10:33:00,9840.4359,577.0158,76,BUY
2026-03-18 10:34:00,9865.1057,577.0158,76,HOLD
2026-03-18 10:35:00,9871.2596,577.0158,76,HOLD
2026-03-18 10:36:00,9889.0524,577.0158,76,HOLD
2026-03-18 10:37:00,9892.472,577.0158,76,HOLD
2026-03-18 10:38:00,9857.6001,577.0158,76,HOLD
2026-03-18 10:39:00,9833.8628,577.0158,76,HOLD
2026-03-18 10:40:00,9849.72,577.0158,76,HOLD
2026-03-18 10:41:00,9863.9508,577.0158,76,BUY
2026-03-18 10:42:00,9902.0026,577.0158,76,HOLD
2026-03-18 10:43:00,9892.4112,577.0158,76,HOLD
2026-03-18 10:44:00,9865.7274,577.0158,76,HOLD
2026-03-18 10:45:00,9862.9529,577.0158,76,HOLD
2026-03-18 10:46:00,9841.2559,577.0158,76,HOLD
2026-03-18 10:47:00,9885.1246,577.0158,76,HOLD
2026-03-18 10:48:00,9877.5937,577.0158,76,HOLD
2026-03-18 10:49:00,9847.2788,577.0158,76,HOLD
2026-03-18 10:50:00,9836.623,577.0158,76,HOLD
2026-03-18 10:51:00,9802.4342,9802.4342,0,EXIT
2026-03-18 10:52:00,9802.4342,9802.4342,0,EXIT
2026-03-18 10:53:00,9802.4342,9802.4342,0,HOLD
2026-03-18 10:54:00,9802.4342,9802.4342,0,HOLD
2026-03-18 10:55:00,9802.4342,9802.4342,0,HOLD
2026-03-18 10:56:00,9802.4342,9802.4342,0,EXIT
2026-03-18 10:57:00,9802.4342,9802.4342,0,HOLD
2026-03-18 10:58:00,9802.4342,9802.4342,0,HOLD
2026-03-18 10:59:00,9802.4342,9802.4342,0,HOLD
2026-03-18 11:00:00,9802.4342,9802.4342,0,HOLD
2026-03-18 11:01:00,9802.4342,9802.4342,0,HOLD
2026-03-18 11:02:00,9802.4342,9802.4342,0,HOLD
2026-03-18 11:03:00,9802.4342,9802.4342,0,HOLD
2026-03-18 11:04:00,9802.4342,9802.4342,0,HOLD
2026-03-18 11:05:00,9802.4342,9802.4342,0,HOLD
2026-03-18 11:06:00,9802.4342,9802.4342,0,HOLD
2026-03-18 11:07:00,9802.4342,9802.4342,0,HOLD
2026-03-18 11:08:00,9802.4342,9802.4342,0,HOLD
2026-03-18 11:09:00,9802.4342,9802.4342,0,HOLD
2026-03-18 11:10:00,9802.4342,9802.4342,0,HOLD
2026-03-18 11:11:00,9802.4342,9802.4342,0,HOLD
2026-03-18 11:12:00,9802.4342,9802.4342,0,HOLD
2026-03-18 11:13:00,9802.4342,9802.4342,0,HOLD
2026-03-18 11:14:00,9802.4342,9802.4342,0,HOLD
2026-03-18 11:15:00,9802.4342,9802.4342,0,HOLD
2026-03-18 11:16:00,9802.4342,9802.4342,0,HOLD
2026-03-18 11:17:00,9802.4342,9802.4342,0,HOLD
2026-03-18 11:18:00,9802.4342,9802.4342,0,HOLD
2026-03-18 11:19:00,9802.4342,9802.4342,0,HOLD
2026-03-18 11:20:00,9802.4342,9802.4342,0,HOLD
2026-03-18 11:21:00,9802.4342,9802.4342,0,HOLD
2026-03-18 11:22:00,9802.4342,9802.4342,0,HOLD
2026-03-18 11:23:00,9802.4342,9802.4342,0,HOLD
2026-03-18 11:24:00,9802.4342,9802.4342,0,HOLD
2026-03-18 11:25:00,9802.4342,9802.4342,0,HOLD
2026-03-18 11:26:00,9802.4342,9802.4342,0,HOLD
2026-03-18 11:27:00,9802.4342,9802.4342,0,HOLD
2026-03-18 11:28:00,9802.4342,9802.4342,0,HOLD
2026-03-18 11:29:00,9802.4342,9802.4342,0,HOLD
2026-03-18 11:30:00,9802.4342,9802.4342,0,HOLD
2026-03-18 11:31:00,9802.4342,9802.4342,0,HOLD
2026-03-18 11:32:00,9802.4342,9802.4342,0,HOLD
2026-03-18 11:33:00,9802.4342,9802.4342,0,HOLD
2026-03-18 11:34:00,9802.4342,9802.4342,0,HOLD
2026-03-18 11:35:00,9802.4342,9802.4342,0,HOLD
2026-03-18 11:36:00,9802.4342,9802.4342,0,HOLD
2026-03-18 11:37:00,9802.4342,9802.4342,0,HOLD
2026-03-18 11:38:00,9802.4342,9802.4342,0,HOLD
2026-03-18 11:39:00,9802.4342,9802.4342,0,HOLD
2026-03-18 11:40:00,9802.4342,9802.4342,0,HOLD
2026-03-18 11:41:00,9802.4342,9802.4342,0,HOLD
2026-03-18 11:42:00,9802.4342,9802.4342,0,HOLD
2026-03-18 11:43:00,9802.4342,9802.4342,0,HOLD
2026-03-18 11:44:00,9802.4342,9802.4342,0,HOLD
2026-03-18 11:45:00,9802.4342,9802.4342,0,HOLD
2026-03-18 11:46:00,9802.4342,9802.4342,0,HOLD
2026-03-18 11:47:00,9802.4342,9802.4342,0,HOLD
2026-03-18 11:48:00,9802.4342,9802.4342,0,HOLD
2026-03-18 11:49:00,9802.4342,9802.4342,0,HOLD
2026-03-18 11:50:00,9802.4342,9802.4342,0,HOLD
2026-03-18 11:51:00,9802.4342,9802.4342,0,HOLD
2026-03-18 11:52:00,9802.4342,9802.4342,0,HOLD
2026-03-18 11:53:00,9802.4342,9802.4342,0,HOLD
2026-03-18 11:54:00,9802.4342,9802.4342,0,HOLD
2026-03-18 11:55:00,9802.4342,9802.4342,0,HOLD
2026-03-18 11:56:00,9802.4342,9802.4342,0,HOLD
2026-03-18 11:57:00,9802.4342,9802.4342,0,HOLD
2026-03-18 11:58:00,9802.4342,9802.4342,0,HOLD
2026-03-18 11:59:00,9802.4342,9802.4342,0,HOLD
2026-03-18 12:00:00,9802.4342,9802.4342,0,HOLD
2026-03-18 12:01:00,9802.4342,9802.4342,0,HOLD
2026-03-18 12:02:00,9802.4342,9802.4342,0,HOLD
2026-03-18 12:03:00,9802.4342,9802.4342,0,HOLD
2026-03-18 12:04:00,9802.4342,9802.4342,0,HOLD
2026-03-18 12:05:00,9802.4342,9802.4342,0,HOLD
2026-03-18 12:06:00,9802.4342,9802.4342,0,HOLD
2026-03-18 12:07:00,9802.4342,9802.4342,0,HOLD
2026-03-18 12:08:00,9802.4342,9802.4342,0,HOLD
2026-03-18 12:09:00,9802.4342,9802.4342,0,HOLD
2026-03-18 12:10:00,9802.4342,9802.4342,0,HOLD
2026-03-18 12:11:00,9802.4342,9802.4342,0,HOLD
2026-03-18 12:12:00,9802.4342,9802.4342,0,HOLD
2026-03-18 12:13:00,9802.4342,9802.4342,0,HOLD
2026-03-18 12:14:00,9802.4342,9802.4342,0,EXIT
2026-03-18 12:15:00,9802.4342,9802.4342,0,EXIT
2026-03-18 12:16:00,9802.4342,9802.4342,0,HOLD
2026-03-18 12:17:00,9802.4342,9802.4342,0,HOLD
2026-03-18 12:18:00,9802.4342,9802.4342,0,EXIT
2026-03-18 12:19:00,9802.4342,9802.4342,0,EXIT
2026-03-18 12:20:00,9802.4342,9802.4342,0,EXIT
2026-03-18 12:21:00,9802.4342,9802.4342,0,HOLD
2026-03-18 12:22:00,9802.4342,9802.4342,0,HOLD
2026-03-18 12:23:00,9802.4342,9802.4342,0,EXIT
2026-03-18 12:24:00,9802.4342,9802.4342,0,EXIT
2026-03-18 12:25:00,9802.4342,9802.4342,0,HOLD
2026-03-18 12:26:00,9802.4342,9802.4342,0,HOLD
2026-03-18 12:27:00,9802.4342,9802.4342,0,HOLD
2026-03-18 12:28:00,9802.4342,9802.4342,0,HOLD
2026-03-18 12:29:00,9802.4342,9802.4342,0,HOLD
2026-03-18 12:30:00,9802.4342,9802.4342,0,HOLD
2026-03-18 12:31:00,9802.4342,9802.4342,0,HOLD
2026-03-18 12:32:00,9802.4342,9802.4342,0,HOLD
2026-03-18 12:33:00,9802.4342,9802.4342,0,HOLD
2026-03-18 12:34:00,9802.4342,9802.4342,0,HOLD
2026-03-18 12:35:00,9802.4342,9802.4342,0,HOLD
2026-03-18 12:36:00,9802.4342,9802.4342,0,HOLD
2026-03-18 12:37:00,9802.4342,9802.4342,0,HOLD
2026-03-18 12:38:00,9802.4342,9802.4342,0,HOLD
2026-03-18 12:39:00,9802.4342,9802.4342,0,HOLD
2026-03-18 12:40:00,9802.4342,9802.4342,0,HOLD
2026-03-18 12:41:00,9802.4342,9802.4342,0,HOLD
2026-03-18 12:42:00,9802.4342,9802.4342,0,HOLD
2026-03-18 12:43:00,9802.4342,9802.4342,0,HOLD
2026-03-18 12:44:00,9802.4342,9802.4342,0,HOLD
2026-03-18 12:45:00,9802.4342,9802.4342,0,HOLD
2026-03-18 12:46:00,9802.4342,9802.4342,0,HOLD
2026-03-18 12:47:00,9802.4342,9802.4342,0,HOLD
2026-03-18 12:48:00,9802.4342,9802.4342,0,HOLD
2026-03-18 12:49:00,9802.4342,9802.4342,0,HOLD
2026-03-18 12:50:00,9802.4342,9802.4342,0,HOLD
2026-03-18 12:51:00,9802.4342,9802.4342,0,HOLD
2026-03-18 12:52:00,9802.4342,9802.4342,0,HOLD
2026-03-18 12:53:00,9802.4342,9802.4342,0,HOLD
2026-03-18 12:54:00,9802.4342,9802.4342,0,HOLD
2026-03-18 12:55:00,9802.4342,9802.4342,0,HOLD
2026-03-18 12:56:00,9802.4342,9802.4342,0,HOLD
2026-03-18 12:57:00,9802.4342,9802.4342,0,HOLD
2026-03-18 12:58:00,9802.4342,9802.4342,0,HOLD
2026-03-18 12:59:00,9802.4342,9802.4342,0,HOLD
2026-03-18 13:00:00,9802.4342,9802.4342,0,HOLD
2026-03-18 13:01:00,9802.4342,9802.4342,0,HOLD
2026-03-18 13:02:00,9802.4342,9802.4342,0,HOLD
2026-03-18 13:03:00,9802.4342,9802.4342,0,HOLD
2026-03-18 13:04:00,9802.4342,9802.4342,0,HOLD
2026-03-18 13:05:00,9802.4342,9802.4342,0,HOLD
2026-03-18 13:06:00,9802.4342,9802.4342,0,HOLD
2026-03-18 13:07:00,9802.4342,9802.4342,0,HOLD
2026-03-18 13:08:00,9802.4342,9802.4342,0,HOLD
2026-03-18 13:09:00,9802.4342,9802.4342,0,HOLD
2026-03-18 13:10:00,9802.4342,9802.4342,0,HOLD
2026-03-18 13:11:00,9802.4342,9802.4342,0,HOLD
2026-03-18 13:12:00,9802.4342,9802.4342,0,HOLD
2026-03-18 13:13:00,9802.4342,9802.4342,0,HOLD
2026-03-18 13:14:00,9802.4342,9802.4342,0,HOLD
2026-03-18 13:15:00,9802.4342,9802.4342,0,HOLD
2026-03-18 13:16:00,9802.4342,9802.4342,0,HOLD
2026-03-18 13:17:00,9802.4342,9802.4342,0,HOLD
2026-03-18 13:18:00,9802.4342,9802.4342,0,HOLD
2026-03-18 13:19:00,9802.4342,9802.4342,0,SELL
2026-03-18 13:20:00,9802.4342,9802.4342,0,EXIT
2026-03-18 13:21:00,9802.4342,9802.4342,0,EXIT
2026-03-18 13:22:00,9802.4342,9802.4342,0,HOLD
2026-03-18 13:23:00,9802.4342,9802.4342,0,HOLD
2026-03-18 13:24:00,9802.4342,9802.4342,0,HOLD
2026-03-18 13:25:00,9802.4342,9802.4342,0,EXIT
2026-03-18 13:26:00,9802.4342,9802.4342,0,EXIT
2026-03-18 13:27:00,9802.4342,9802.4342,0,EXIT
2026-03-18 13:28:00,9802.4342,9802.4342,0,EXIT
2026-03-18 13:29:00,9802.4342,9802.4342,0,EXIT
2026-03-18 13:30:00,9802.4342,9802.4342,0,HOLD
2026-03-18 13:31:00,9802.4342,9802.4342,0,HOLD
2026-03-18 13:32:00,9802.4342,9802.4342,0,HOLD
2026-03-18 13:33:00,9802.4342,9802.4342,0,HOLD
2026-03-18 13:34:00,9802.4342,9802.4342,0,HOLD
2026-03-18 13:35:00,9802.4342,9802.4342,0,HOLD
2026-03-18 13:36:00,9802.4342,9802.4342,0,HOLD
2026-03-18 13:37:00,9802.4342,9802.4342,0,HOLD
2026-03-18 13:38:00,9802.4342,9802.4342,0,HOLD
2026-03-18 13:39:00,9802.4342,9802.4342,0,HOLD
2026-03-18 13:40:00,9802.4342,9802.4342,0,HOLD
2026-03-18 13:41:00,9802.4342,9802.4342,0,HOLD
2026-03-18 13:42:00,9802.4342,9802.4342,0,HOLD
2026-03-18 13:43:00,9802.4342,9802.4342,0,HOLD
2026-03-18 13:44:00,9802.4342,9802.4342,0,HOLD
2026-03-18 13:45:00,9802.4342,9802.4342,0,HOLD
2026-03-18 13:46:00,9802.4342,9802.4342,0,HOLD
2026-03-18 13:47:00,9802.4342,9802.4342,0,HOLD
2026-03-18 13:48:00,9802.4342,9802.4342,0,HOLD
2026-03-18 13:49:00,9802.4342,9802.4342,0,HOLD
2026-03-18 13:50:00,9802.4342,9802.4342,0,HOLD
2026-03-18 13:51:00,9802.4342,9802.4342,0,HOLD
2026-03-18 13:52:00,9802.4342,9802.4342,0,HOLD
2026-03-18 13:53:00,9802.4342,9802.4342,0,HOLD
2026-03-18 13:54:00,9802.4342,9802.4342,0,HOLD
2026-03-18 13:55:00,9802.4342,9802.4342,0,HOLD
2026-03-18 13:56:00,9802.4342,9802.4342,0,HOLD
2026-03-18 13:57:00,9802.4342,9802.4342,0,HOLD
2026-03-18 13:58:00,9802.4342,9802.4342,0,HOLD
2026-03-18 13:59:00,9802.4342,9802.4342,0,HOLD
2026-03-18 14:00:00,9802.4342,9802.4342,0,HOLD
2026-03-18 14:01:00,9802.4342,9802.4342,0,HOLD
2026-03-18 14:02:00,9802.4342,9802.4342,0,HOLD
2026-03-18 14:03:00,9802.4342,9802.4342,0,HOLD
2026-03-18 14:04:00,9802.4342,9802.4342,0,HOLD
2026-03-18 14:05:00,9802.4342,9802.4342,0,HOLD
2026-03-18 14:06:00,9802.4342,9802.4342,0,HOLD
2026-03-18 14:07:00,9802.4342,9802.4342,0,HOLD
2026-03-18 14:08:00,9802.4342,9802.4342,0,HOLD
2026-03-18 14:09:00,9802.4342,9802.4342,0,HOLD
2026-03-18 14:10:00,9802.4342,9802.4342,0,HOLD
2026-03-18 14:11:00,9802.4342,9802.4342,0,HOLD
2026-03-18 14:12:00,9802.4342,548.3831,71,BUY
2026-03-18 14:13:00,9776.3264,548.3831,71,HOLD
2026-03-18 14:14:00,9776.64,548.3831,71,HOLD
2026-03-18 14:15:00,9774.9748,548.3831,71,HOLD
2026-03-18 14:16:00,9737.5884,548.3831,71,HOLD
2026-03-18 14:17:00,9768.3086,548.3831,71,HOLD
2026-03-18 14:18:00,9746.2196,548.3831,71,HOLD
2026-03-18 14:19:00,9727.1578,9727.1578,0,EXIT
2026-03-18 14:20:00,9727.1578,9727.1578,0,EXIT
2026-03-18 14:21:00,9727.1578,9727.1578,0,EXIT
2026-03-18 14:22:00,9727.1578,9727.1578,0,EXIT
2026-03-18 14:23:00,9727.1578,9727.1578,0,HOLD
2026-03-18 14:24:00,9727.1578,9727.1578,0,HOLD
2026-03-18 14:25:00,9727.1578,9727.1578,0,HOLD
2026-03-18 14:26:00,9727.1578,9727.1578,0,HOLD
2026-03-18 14:27:00,9727.1578,9727.1578,0,HOLD
2026-03-18 14:28:00,9727.1578,9727.1578,0,HOLD
2026-03-18 14:29:00,9727.1578,9727.1578,0,HOLD
2026-03-18 14:30:00,9727.1578,9727.1578,0,HOLD
2026-03-18 14:31:00,9727.1578,9727.1578,0,HOLD
2026-03-18 14:32:00,9727.1578,9727.1578,0,HOLD
2026-03-18 14:33:00,9727.1578,9727.1578,0,HOLD
2026-03-18 14:34:00,9727.1578,9727.1578,0,HOLD
2026-03-18 14:35:00,9727.1578,9727.1578,0,HOLD
2026-03-18 14:36:00,9727.1578,9727.1578,0,EXIT
2026-03-18 14:37:00,9727.1578,9727.1578,0,EXIT
2026-03-18 14:38:00,9727.1578,9727.1578,0,HOLD
2026-03-18 14:39:00,9727.1578,9727.1578,0,HOLD
2026-03-18 14:40:00,9727.1578,9727.1578,0,HOLD
2026-03-18 14:41:00,9727.1578,9727.1578,0,HOLD
2026-03-18 14:42:00,9727.1578,9727.1578,0,HOLD
2026-03-18 14:43:00,9727.1578,9727.1578,0,HOLD
2026-03-18 14:44:00,9727.1578,9727.1578,0,HOLD
2026-03-18 14:45:00,9727.1578,9727.1578,0,HOLD
2026-03-18 14:46:00,9727.1578,9727.1578,0,HOLD
2026-03-18 14:47:00,9727.1578,9727.1578,0,HOLD
2026-03-18 14:48:00,9727.1578,9727.1578,0,HOLD
2026-03-18 14:49:00,9727.1578,9727.1578,0,HOLD
2026-03-18 14:50:00,9727.1578,9727.1578,0,HOLD
2026-03-18 14:51:00,9727.1578,579.2567,69,BUY
2026-03-18 14:52:00,9762.5006,579.2567,69,HOLD
2026-03-18 14:53:00,9765.5795,579.2567,69,HOLD
2026-03-18 14:54:00,9815.2604,579.2567,69,HOLD
2026-03-18 14:55:00,9809.9098,579.2567,69,HOLD
2026-03-18 14:56:00,9775.722,579.2567,69,BUY
2026-03-18 14:57:00,9770.2844,579.2567,69,HOLD
2026-03-18 14:58:00,9782.9109,579.2567,69,HOLD
2026-03-18 14:59:00,9785.5548,579.2567,69,HOLD
2026-03-18 15:00:00,9797.3333,579.2567,69,HOLD
2026-03-18 15:01:00,9798.2506,579.2567,69,HOLD
2026-03-18 15:02:00,9821.343,579.2567,69,HOLD
2026-03-18 15:03:00,9868.0088,579.2567,69,HOLD
2026-03-18 15:04:00,9869.2442,579.2567,69,HOLD
2026-03-18 15:05:00,9861.9795,579.2567,69,BUY
2026-03-18 15:06:00,9811.201,579.2567,69,HOLD
2026-03-18 15:07:00,9768.0973,9768.0973,0,HOLD
2026-03-18 15:08:00,9768.0973,9768.0973,0,HOLD
2026-03-18 15:09:00,9768.0973,9768.0973,0,HOLD
2026-03-18 15:10:00,9768.0973,9768.0973,0,HOLD
2026-03-18 15:11:00,9768.0973,9768.0973,0,HOLD
2026-03-18 15:12:00,9768.0973,9768.0973,0,HOLD
2026-03-18 15:13:00,9768.0973,9768.0973,0,HOLD
2026-03-18 15:14:00,9768.0973,9768.0973,0,HOLD
2026-03-18 15:15:00,9768.0973,9768.0973,0,HOLD
2026-03-18 15:16:00,9768.0973,9768.0973,0,HOLD
2026-03-18 15:17:00,9768.0973,9768.0973,0,HOLD
2026-03-18 15:18:00,9768.0973,9768.0973,0,HOLD
2026-03-18 15:19:00,9768.0973,9768.0973,0,EXIT
2026-03-18 15:20:00,9768.0973,9768.0973,0,EXIT
2026-03-18 15:21:00,9768.0973,9768.0973,0,HOLD
2026-03-18 15:22:00,9768.0973,9768.0973,0,EXIT
2026-03-18 15:23:00,9768.0973,9768.0973,0,HOLD
2026-03-18 15:24:00,9768.0973,9768.0973,0,HOLD
2026-03-18 15:25:00,9768.0973,9768.0973,0,HOLD
2026-03-18 15:26:00,9768.0973,9768.0973,0,HOLD
2026-03-18 15:27:00,9768.0973,9768.0973,0,HOLD
2026-03-18 15:28:00,9768.0973,9768.0973,0,HOLD
2026-03-18 15:29:00,9768.0973,9768.0973,0,HOLD
2026-03-18 15:30:00,9768.0973,9768.0973,0,HOLD
2026-03-18 15:31:00,9768.0973,9768.0973,0,HOLD
2026-03-18 15:32:00,9768.0973,9768.0973,0,HOLD
2026-03-18 15:33:00,9768.0973,9768.0973,0,HOLD
2026-03-18 15:34:00,9768.0973,9768.0973,0,HOLD
2026-03-18 15:35:00,9768.0973,9768.0973,0,HOLD
2026-03-18 15:36:00,9768.0973,9768.0973,0,HOLD
2026-03-18 15:37:00,9768.0973,9768.0973,0,HOLD
2026-03-18 15:38:00,9768.0973,9768.0973,0,HOLD
2026-03-18 15:39:00,9768.0973,9768.0973,0,HOLD
2026-03-18 15:40:00,9768.0973,9768.0973,0,HOLD
2026-03-18 15:41:00,9768.0973,9768.0973,0,HOLD
2026-03-18 15:42:00,9768.0973,9768.0973,0,HOLD
2026-03-18 15:43:00,9768.0973,9768.0973,0,HOLD
2026-03-18 15:44:00,9768.0973,9768.0973,0,HOLD
2026-03-18 15:45:00,9768.0973,9768.0973,0,HOLD
2026-03-18 15:46:00,9768.0973,9768.0973,0,HOLD
2026-03-18 15:47:00,9768.0973,9768.0973,0,HOLD
2026-03-18 15:48:00,9768.0973,9768.0973,0,HOLD
2026-03-18 15:49:00,9768.0973,9768.0973,0,HOLD
2026-03-18 15:50:00,9768.0973,9768.0973,0,HOLD
2026-03-18 15:51:00,9768.0973,9768.0973,0,EXIT
2026-03-18 15:52:00,9768.0973,9768.0973,0,EXIT
2026-03-18 15:53:00,9768.0973,9768.0973,0,EXIT
2026-03-18 15:54:00,9768.0973,9768.0973,0,EXIT
2026-03-18 15:55:00,9768.0973,9768.0973,0,HOLD
2026-03-18 15:56:00,9768.0973,9768.0973,0,HOLD
2026-03-18 15:57:00,9768.0973,9768.0973,0,EXIT
2026-03-18 15:58:00,9768.0973,9768.0973,0,EXIT
2026-03-18 15:59:00,9768.0973,9768.0973,0,EXIT
2026-03-19 09:30:00,9768.0973,9768.0973,0,EXIT
2026-03-19 09:31:00,9768.0973,9768.0973,0,HOLD
2026-03-19 09:32:00,9768.0973,9768.0973,0,HOLD
2026-03-19 09:33:00,9768.0973,9768.0973,0,HOLD
2026-03-19 09:34:00,9768.0973,9768.0973,0,HOLD
2026-03-19 09:35:00,9768.0973,9768.0973,0,HOLD
2026-03-19 09:36:00,9768.0973,9768.0973,0,HOLD
2026-03-19 09:37:00,9768.0973,9768.0973,0,HOLD
2026-03-19 09:38:00,9768.0973,9768.0973,0,HOLD
2026-03-19 09:39:00,9768.0973,9768.0973,0,HOLD
2026-03-19 09:40:00,9768.0973,9768.0973,0,HOLD
2026-03-19 09:41:00,9768.0973,9768.0973,0,HOLD
2026-03-19 09:42:00,9768.0973,9768.0973,0,HOLD
2026-03-19 09:43:00,9768.0973,9768.0973,0,HOLD
2026-03-19 09:44:00,9768.0973,9768.0973,0,HOLD
2026-03-19 09:45:00,9768.0973,9768.0973,0,HOLD
2026-03-19 09:46:00,9768.0973,9768.0973,0,HOLD
2026-03-19 09:47:00,9768.0973,9768.0973,0,HOLD
2026-03-19 09:48:00,9768.0973,9768.0973,0,HOLD
2026-03-19 09:49:00,9768.0973,9768.0973,0,HOLD
2026-03-19 09:50:00,9768.0973,9768.0973,0,HOLD
2026-03-19 09:51:00,9768.0973,9768.0973,0,HOLD
2026-03-19 09:52:00,9768.0973,9768.0973,0,HOLD
2026-03-19 09:53:00,9768.0973,9768.0973,0,HOLD
2026-03-19 09:54:00,9768.0973,9768.0973,0,HOLD
2026-03-19 09:55:00,9768.0973,9768.0973,0,HOLD
2026-03-19 09:56:00,9768.0973,9768.0973,0,HOLD
2026-03-19 09:57:00,9768.0973,9768.0973,0,HOLD
2026-03-19 09:58:00,9768.0973,9768.0973,0,HOLD
2026-03-19 09:59:00,9768.0973,9768.0973,0,HOLD
2026-03-19 10:00:00,9768.0973,9768.0973,0,HOLD
2026-03-19 10:01:00,9768.0973,9768.0973,0,HOLD
2026-03-19 10:02:00,9768.0973,9768.0973,0,HOLD
2026-03-19 10:03:00,9768.0973,9768.0973,0,HOLD
2026-03-19 10:04:00,9768.0973,9768.0973,0,HOLD
2026-03-19 10:05:00,9768.0973,9768.0973,0,HOLD
2026-03-19 10:06:00,9768.0973,9768.0973,0,HOLD
2026-03-19 10:07:00,9768.0973,9768.0973,0,HOLD
2026-03-19 10:08:00,9768.0973,9768.0973,0,HOLD
2026-03-19 10:09:00,9768.0973,9768.0973,0,HOLD
2026-03-19 10:10:00,9768.0973,9768.0973,0,HOLD
2026-03-19 10:11:00,9768.0973,9768.0973,0,HOLD
2026-03-19 10:12:00,9768.0973,9768.0973,0,HOLD
2026-03-19 10:13:00,9768.0973,9768.0973,0,HOLD
2026-03-19 10:14:00,9768.0973,9768.0973,0,HOLD
2026-03-19 10:15:00,9768.0973,9768.0973,0,HOLD
2026-03-19 10:16:00,9768.0973,9768.0973,0,HOLD
2026-03-19 10:17:00,9768.0973,9768.0973,0,HOLD
2026-03-19 10:18:00,9768.0973,9768.0973,0,HOLD
2026-03-19 10:19:00,9768.0973,9768.0973,0,HOLD
2026-03-19 10:20:00,9768.0973,505.0003,66,BUY
2026-03-19 10:21:00,9774.7414,505.0003,66,HOLD
2026-03-19 10:22:00,9788.9999,505.0003,66,HOLD
2026-03-19 10:23:00,9837.263,505.0003,66,HOLD
2026-03-19 10:24:00,9807.9926,505.0003,66,HOLD
2026-03-19 10:25:00,9834.986,505.0003,66,HOLD
2026-03-19 10:26:00,9793.9385,505.0003,66,HOLD
2026-03-19 10:27:00,9817.5849,505.0003,66,HOLD
2026-03-19 10:28:00,9826.0885,505.0003,66,HOLD
2026-03-19 10:29:00,9813.8131,505.0003,66,BUY
2026-03-19 10:30:00,9847.1482,505.0003,66,HOLD
2026-03-19 10:31:00,9845.1346,505.0003,66,HOLD
2026-03-19 10:32:00,9898.2179,505.0003,66,BUY
2026-03-19 10:33:00,9943.2303,505.0003,66,BUY
2026-03-19 10:34:00,9887.7775,505.0003,66,HOLD
2026-03-19 10:35:00,9900.2531,505.0003,66,HOLD
2026-03-19 10:36:00,9823.4316,9823.4316,0,HOLD
2026-03-19 10:37:00,9823.4316,9823.4316,0,HOLD
2026-03-19 10:38:00,9823.4316,9823.4316,0,HOLD
2026-03-19 10:39:00,9823.4316,9823.4316,0,HOLD
2026-03-19 10:40:00,9823.4316,9823.4316,0,HOLD
2026-03-19 10:41:00,9823.4316,9823.4316,0,HOLD
2026-03-19 10:42:00,9823.4316,9823.4316,0,EXIT
2026-03-19 10:43:00,9823.4316,9823.4316,0,HOLD
2026-03-19 10:44:00,9823.4316,9823.4316,0,HOLD
2026-03-19 10:45:00,9823.4316,9823.4316,0,HOLD
2026-03-19 10:46:00,9823.4316,9823.4316,0,HOLD
2026-03-19 10:47:00,9823.4316,9823.4316,0,HOLD
2026-03-19 10:48:00,9823.4316,9823.4316,0,EXIT
2026-03-19 10:49:00,9823.4316,9823.4316,0,HOLD
2026-03-19 10:50:00,9823.4316,9823.4316,0,EXIT
2026-03-19 10:51:00,9823.4316,9823.4316,0,HOLD
2026-03-19 10:52:00,9823.4316,9823.4316,0,HOLD
2026-03-19 10:53:00,9823.4316,9823.4316,0,HOLD
2026-03-19 10:54:00,9823.4316,9823.4316,0,HOLD
2026-03-19 10:55:00,9823.4316,9823.4316,0,HOLD
2026-03-19 10:56:00,9823.4316,9823.4316,0,HOLD
2026-03-19 10:57:00,9823.4316,9823.4316,0,HOLD
2026-03-19 10:58:00,9823.4316,9823.4316,0,HOLD
2026-03-19 10:59:00,9823.4316,9823.4316,0,HOLD
2026-03-19 11:00:00,9823.4316,9823.4316,0,HOLD
2026-03-19 11:01:00,9823.4316,9823.4316,0,HOLD
2026-03-19 11:02:00,9823.4316,9823.4316,0,HOLD
2026-03-19 11:03:00,9823.4316,9823.4316,0,HOLD
2026-03-19 11:04:00,9823.4316,9823.4316,0,HOLD
2026-03-19 11:05:00,9823.4316,9823.4316,0,HOLD
2026-03-19 11:06:00,9823.4316,9823.4316,0,HOLD
2026-03-19 11:07:00,9823.4316,9823.4316,0,HOLD
2026-03-19 11:08:00,9823.4316,9823.4316,0,HOLD
2026-03-19 11:09:00,9823.4316,9823.4316,0,HOLD
2026-03-19 11:10:00,9823.4316,9823.4316,0,HOLD
2026-03-19 11:11:00,9823.4316,9823.4316,0,HOLD
2026-03-19 11:12:00,9823.4316,9823.4316,0,HOLD
2026-03-19 11:13:00,9823.4316,9823.4316,0,HOLD
2026-03-19 11:14:00,9823.4316,9823.4316,0,HOLD
2026-03-19 11:15:00,9823.4316,9823.4316,0,HOLD
2026-03-19 11:16:00,9823.4316,9823.4316,0,HOLD
2026-03-19 11:17:00,9823.4316,9823.4316,0,HOLD
2026-03-19 11:18:00,9823.4316,9823.4316,0,HOLD
2026-03-19 11:19:00,9823.4316,9823.4316,0,HOLD
2026-03-19 11:20:00,9823.4316,9823.4316,0,HOLD
2026-03-19 11:21:00,9823.4316,9823.4316,0,HOLD
2026-03-19 11:22:00,9823.4316,9823.4316,0,HOLD
2026-03-19 11:23:00,9823.4316,9823.4316,0,HOLD
2026-03-19 11:24:00,9823.4316,9823.4316,0,HOLD
2026-03-19 11:25:00,9823.4316,9823.4316,0,HOLD
2026-03-19 11:26:00,9823.4316,9823.4316,0,HOLD
2026-03-19 11:27:00,9823.4316,9823.4316,0,HOLD
2026-03-19 11:28:00,9823.4316,9823.4316,0,EXIT
2026-03-19 11:29:00,9823.4316,9823.4316,0,HOLD
2026-03-19 11:30:00,9823.4316,9823.4316,0,EXIT
2026-03-19 11:31:00,9823.4316,9823.4316,0,EXIT
2026-03-19 11:32:00,9823.4316,9823.4316,0,HOLD
2026-03-19 11:33:00,9823.4316,9823.4316,0,HOLD
2026-03-19 11:34:00,9823.4316,9823.4316,0,HOLD
2026-03-19 11:35:00,9823.4316,9823.4316,0,HOLD
2026-03-19 11:36:00,9823.4316,9823.4316,0,HOLD
2026-03-19 11:37:00,9823.4316,9823.4316,0,HOLD
2026-03-19 11:38:00,9823.4316,9823.4316,0,HOLD
2026-03-19 11:39:00,9823.4316,9823.4316,0,EXIT
2026-03-19 11:40:00,9823.4316,9823.4316,0,HOLD
2026-03-19 11:41:00,9823.4316,9823.4316,0,HOLD
2026-03-19 11:42:00,9823.4316,9823.4316,0,HOLD
2026-03-19 11:43:00,9823.4316,9823.4316,0,HOLD
2026-03-19 11:44:00,9823.4316,9823.4316,0,HOLD
2026-03-19 11:45:00,9823.4316,9823.4316,0,HOLD
2026-03-19 11:46:00,9823.4316,9823.4316,0,HOLD
2026-03-19 11:47:00,9823.4316,9823.4316,0,HOLD
2026-03-19 11:48:00,9823.4316,9823.4316,0,HOLD
2026-03-19 11:49:00,9823.4316,9823.4316,0,HOLD
2026-03-19 11:50:00,9823.4316,9823.4316,0,HOLD
2026-03-19 11:51:00,9823.4316,9823.4316,0,HOLD
2026-03-19 11:52:00,9823.4316,9823.4316,0,HOLD
2026-03-19 11:53:00,9823.4316,9823.4316,0,HOLD
2026-03-19 11:54:00,9823.4316,9823.4316,0,HOLD
2026-03-19 11:55:00,9823.4316,9823.4316,0,HOLD
2026-03-19 11:56:00,9823.4316,9823.4316,0,HOLD
2026-03-19 11:57:00,9823.4316,9823.4316,0,HOLD
2026-03-19 11:58:00,9823.4316,9823.4316,0,HOLD
2026-03-19 11:59:00,9823.4316,9823.4316,0,HOLD
2026-03-19 12:00:00,9823.4316,9823.4316,0,HOLD
2026-03-19 12:01:00,9823.4316,9823.4316,0,HOLD
2026-03-19 12:02:00,9823.4316,9823.4316,0,HOLD
2026-03-19 12:03:00,9823.4316,9823.4316,0,HOLD
2026-03-19 12:04:00,9823.4316,9823.4316,0,HOLD
2026-03-19 12:05:00,9823.4316,9823.4316,0,HOLD
2026-03-19 12:06:00,9823.4316,9823.4316,0,HOLD
2026-03-19 12:07:00,9823.4316,9823.4316,0,HOLD
2026-03-19 12:08:00,9823.4316,9823.4316,0,HOLD
2026-03-19 12:09:00,9823.4316,9823.4316,0,HOLD
2026-03-19 12:10:00,9823.4316,9823.4316,0,HOLD
2026-03-19 12:11:00,9823.4316,9823.4316,0,HOLD
2026-03-19 12:12:00,9823.4316,9823.4316,0,HOLD
2026-03-19 12:13:00,9823.4316,9823.4316,0,HOLD
2026-03-19 12:14:00,9823.4316,9823.4316,0,HOLD
2026-03-19 12:15:00,9823.4316,9823.4316,0,HOLD
2026-03-19 12:16:00,9823.4316,9823.4316,0,HOLD
2026-03-19 12:17:00,9823.4316,9823.4316,0,HOLD
2026-03-19 12:18:00,9823.4316,9823.4316,0,HOLD
2026-03-19 12:19:00,9823.4316,9823.4316,0,HOLD
2026-03-19 12:20:00,9823.4316,9823.4316,0,HOLD
2026-03-19 12:21:00,9823.4316,9823.4316,0,HOLD
2026-03-19 12:22:00,9823.4316,9823.4316,0,HOLD
2026-03-19 12:23:00,9823.4316,9823.4316,0,HOLD
2026-03-19 12:24:00,9823.4316,9823.4316,0,HOLD
2026-03-19 12:25:00,9823.4316,9823.4316,0,HOLD
2026-03-19 12:26:00,9823.4316,9823.4316,0,HOLD
2026-03-19 12:27:00,9823.4316,9823.4316,0,HOLD
2026-03-19 12:28:00,9823.4316,9823.4316,0,HOLD
2026-03-19 12:29:00,9823.4316,9823.4316,0,HOLD
2026-03-19 12:30:00,9823.4316,9823.4316,0,HOLD
2026-03-19 12:31:00,9823.4316,9823.4316,0,HOLD
2026-03-19 12:32:00,9823.4316,9823.4316,0,HOLD
2026-03-19 12:33:00,9823.4316,9823.4316,0,HOLD
2026-03-19 12:34:00,9823.4316,9823.4316,0,HOLD
2026-03-19 12:35:00,9823.4316,9823.4316,0,HOLD
2026-03-19 12:36:00,9823.4316,9823.4316,0,HOLD
2026-03-19 12:37:00,9823.4316,9823.4316,0,HOLD
2026-03-19 12:38:00,9823.4316,9823.4316,0,HOLD
2026-03-19 12:39:00,9823.4316,9823.4316,0,EXIT
2026-03-19 12:40:00,9823.4316,9823.4316,0,EXIT
2026-03-19 12:41:00,9823.4316,9823.4316,0,HOLD
2026-03-19 12:42:00,9823.4316,9823.4316,0,HOLD
2026-03-19 12:43:00,9823.4316,9823.4316,0,HOLD
2026-03-19 12:44:00,9823.4316,9823.4316,0,HOLD
2026-03-19 12:45:00,9823.4316,9823.4316,0,HOLD
2026-03-19 12:46:00,9823.4316,9823.4316,0,HOLD
2026-03-19 12:47:00,9823.4316,9823.4316,0,HOLD
2026-03-19 12:48:00,9823.4316,9823.4316,0,HOLD
2026-03-19 12:49:00,9823.4316,9823.4316,0,HOLD
2026-03-19 12:50:00,9823.4316,9823.4316,0,SELL
2026-03-19 12:51:00,9823.4316,9823.4316,0,SELL
2026-03-19 12:52:00,9823.4316,9823.4316,0,EXIT
2026-03-19 12:53:00,9823.4316,9823.4316,0,HOLD
2026-03-19 12:54:00,9823.4316,9823.4316,0,HOLD
2026-03-19 12:55:00,9823.4316,9823.4316,0,EXIT
2026-03-19 12:56:00,9823.4316,9823.4316,0,HOLD
2026-03-19 12:57:00,9823.4316,9823.4316,0,HOLD
2026-03-19 12:58:00,9823.4316,9823.4316,0,HOLD
2026-03-19 12:59:00,9823.4316,9823.4316,0,HOLD
2026-03-19 13:00:00,9823.4316,9823.4316,0,HOLD
2026-03-19 13:01:00,9823.4316,9823.4316,0,EXIT
2026-03-19 13:02:00,9823.4316,9823.4316,0,HOLD
2026-03-19 13:03:00,9823.4316,9823.4316,0,EXIT
2026-03-19 13:04:00,9823.4316,9823.4316,0,HOLD
2026-03-19 13:05:00,9823.4316,9823.4316,0,EXIT
2026-03-19 13:06:00,9823.4316,9823.4316,0,HOLD
2026-03-19 13:07:00,9823.4316,9823.4316,0,HOLD
2026-03-19 13:08:00,9823.4316,9823.4316,0,HOLD
2026-03-19 13:09:00,9823.4316,9823.4316,0,HOLD
2026-03-19 13:10:00,9823.4316,9823.4316,0,HOLD
2026-03-19 13:11:00,9823.4316,9823.4316,0,HOLD
2026-03-19 13:12:00,9823.4316,9823.4316,0,HOLD
2026-03-19 13:13:00,9823.4316,9823.4316,0,HOLD
2026-03-19 13:14:00,9823.4316,9823.4316,0,EXIT
2026-03-19 13:15:00,9823.4316,9823.4316,0,EXIT
2026-03-19 13:16:00,9823.4316,9823.4316,0,EXIT
2026-03-19 13:17:00,9823.4316,9823.4316,0,HOLD
2026-03-19 13:18:00,9823.4316,9823.4316,0,HOLD
2026-03-19 13:19:00,9823.4316,9823.4316,0,HOLD
2026-03-19 13:20:00,9823.4316,9823.4316,0,HOLD
2026-03-19 13:21:00,9823.4316,9823.4316,0,HOLD
2026-03-19 13:22:00,9823.4316,9823.4316,0,HOLD
2026-03-19 13:23:00,9823.4316,9823.4316,0,HOLD
2026-03-19 13:24:00,9823.4316,9823.4316,0,HOLD
2026-03-19 13:25:00,9823.4316,9823.4316,0,HOLD
2026-03-19 13:26:00,9823.4316,9823.4316,0,HOLD
2026-03-19 13:27:00,9823.4316,9823.4316,0,HOLD
2026-03-19 13:28:00,9823.4316,9823.4316,0,HOLD
2026-03-19 13:29:00,9823.4316,9823.4316,0,HOLD
2026-03-19 13:30:00,9823.4316,9823.4316,0,HOLD
2026-03-19 13:31:00,9823.4316,9823.4316,0,HOLD
2026-03-19 13:32:00,9823.4316,9823.4316,0,HOLD
2026-03-19 13:33:00,9823.4316,9823.4316,0,HOLD
2026-03-19 13:34:00,9823.4316,9823.4316,0,HOLD
2026-03-19 13:35:00,9823.4316,9823.4316,0,HOLD
2026-03-19 13:36:00,9823.4316,9823.4316,0,HOLD
2026-03-19 13:37:00,9823.4316,9823.4316,0,HOLD
2026-03-19 13:38:00,9823.4316,9823.4316,0,HOLD
2026-03-19 13:39:00,9823.4316,9823.4316,0,EXIT
2026-03-19 13:40:00,9823.4316,9823.4316,0,HOLD
2026-03-19 13:41:00,9823.4316,9823.4316,0,EXIT
2026-03-19 13:42:00,9823.4316,9823.4316,0,HOLD
2026-03-19 13:43:00,9823.4316,9823.4316,0,EXIT
2026-03-19 13:44:00,9823.4316,9823.4316,0,HOLD
2026-03-19 13:45:00,9823.4316,9823.4316,0,HOLD
2026-03-19 13:46:00,9823.4316,9823.4316,0,HOLD
2026-03-19 13:47:00,9823.4316,9823.4316,0,EXIT
2026-03-19 13:48:00,9823.4316,9823.4316,0,HOLD
2026-03-19 13:49:00,9823.4316,9823.4316,0,EXIT
2026-03-19 13:50:00,9823.4316,9823.4316,0,HOLD
2026-03-19 13:51:00,9823.4316,9823.4316,0,HOLD
2026-03-19 13:52:00,9823.4316,9823.4316,0,EXIT
2026-03-19 13:53:00,9823.4316,9823.4316,0,EXIT
2026-03-19 13:54:00,9823.4316,9823.4316,0,HOLD
2026-03-19 13:55:00,9823.4316,9823.4316,0,EXIT
2026-03-19 13:56:00,9823.4316,9823.4316,0,HOLD
2026-03-19 13:57:00,9823.4316,9823.4316,0,HOLD
2026-03-19 13:58:00,9823.4316,9823.4316,0,HOLD
2026-03-19 13:59:00,9823.4316,9823.4316,0,HOLD
2026-03-19 14:00:00,9823.4316,9823.4316,0,HOLD
2026-03-19 14:01:00,9823.4316,9823.4316,0,HOLD
2026-03-19 14:02:00,9823.4316,9823.4316,0,HOLD
2026-03-19 14:03:00,9823.4316,9823.4316,0,HOLD
2026-03-19 14:04:00,9823.4316,9823.4316,0,HOLD
2026-03-19 14:05:00,9823.4316,9823.4316,0,HOLD
2026-03-19 14:06:00,9823.4316,9823.4316,0,HOLD
2026-03-19 14:07:00,9823.4316,9823.4316,0,HOLD
2026-03-19 14:08:00,9823.4316,9823.4316,0,HOLD
2026-03-19 14:09:00,9823.4316,9823.4316,0,HOLD
2026-03-19 14:10:00,9823.4316,9823.4316,0,HOLD
2026-03-19 14:11:00,9823.4316,9823.4316,0,HOLD
2026-03-19 14:12:00,9823.4316,9823.4316,0,HOLD
2026-03-19 14:13:00,9823.4316,9823.4316,0,HOLD
2026-03-19 14:14:00,9823.4316,9823.4316,0,HOLD
2026-03-19 14:15:00,9823.4316,9823.4316,0,HOLD
2026-03-19 14:16:00,9823.4316,9823.4316,0,HOLD
2026-03-19 14:17:00,9823.4316,9823.4316,0,HOLD
2026-03-19 14:18:00,9823.4316,9823.4316,0,HOLD
2026-03-19 14:19:00,9823.4316,9823.4316,0,HOLD
2026-03-19 14:20:00,9823.4316,9823.4316,0,HOLD
2026-03-19 14:21:00,9823.4316,9823.4316,0,HOLD
2026-03-19 14:22:00,9823.4316,9823.4316,0,HOLD
2026-03-19 14:23:00,9823.4316,9823.4316,0,HOLD
2026-03-19 14:24:00,9823.4316,9823.4316,0,HOLD
2026-03-19 14:25:00,9823.4316,9823.4316,0,HOLD
2026-03-19 14:26:00,9823.4316,9823.4316,0,HOLD
2026-03-19 14:27:00,9823.4316,9823.4316,0,HOLD
2026-03-19 14:28:00,9823.4316,9823.4316,0,HOLD
2026-03-19 14:29:00,9823.4316,9823.4316,0,HOLD
2026-03-19 14:30:00,9823.4316,9823.4316,0,HOLD
2026-03-19 14:31:00,9823.4316,9823.4316,0,HOLD
2026-03-19 14:32:00,9823.4316,9823.4316,0,HOLD
2026-03-19 14:33:00,9823.4316,9823.4316,0,HOLD
2026-03-19 14:34:00,9823.4316,9823.4316,0,HOLD
2026-03-19 14:35:00,9823.4316,9823.4316,0,HOLD
2026-03-19 14:36:00,9823.4316,9823.4316,0,HOLD
2026-03-19 14:37:00,9823.4316,9823.4316,0,HOLD
2026-03-19 14:38:00,9823.4316,9823.4316,0,HOLD
2026-03-19 14:39:00,9823.4316,9823.4316,0,HOLD
2026-03-19 14:40:00,9823.4316,9823.4316,0,HOLD
2026-03-19 14:41:00,9823.4316,9823.4316,0,EXIT
2026-03-19 14:42:00,9823.4316,9823.4316,0,EXIT
2026-03-19 14:43:00,9823.4316,9823.4316,0,HOLD
2026-03-19 14:44:00,9823.4316,9823.4316,0,HOLD
2026-03-19 14:45:00,9823.4316,9823.4316,0,HOLD
2026-03-19 14:46:00,9823.4316,9823.4316,0,HOLD
2026-03-19 14:47:00,9823.4316,9823.4316,0,HOLD
2026-03-19 14:48:00,9823.4316,9823.4316,0,HOLD
2026-03-19 14:49:00,9823.4316,9823.4316,0,HOLD
2026-03-19 14:50:00,9823.4316,9823.4316,0,HOLD
2026-03-19 14:51:00,9823.4316,9823.4316,0,HOLD
2026-03-19 14:52:00,9823.4316,9823.4316,0,HOLD
2026-03-19 14:53:00,9823.4316,9823.4316,0,HOLD
2026-03-19 14:54:00,9823.4316,9823.4316,0,HOLD
2026-03-19 14:55:00,9823.4316,9823.4316,0,HOLD
2026-03-19 14:56:00,9823.4316,9823.4316,0,HOLD
2026-03-19 14:57:00,9823.4316,9823.4316,0,HOLD
2026-03-19 14:58:00,9823.4316,9823.4316,0,HOLD
2026-03-19 14:59:00,9823.4316,9823.4316,0,HOLD
2026-03-19 15:00:00,9823.4316,9823.4316,0,HOLD
2026-03-19 15:01:00,9823.4316,9823.4316,0,HOLD
2026-03-19 15:02:00,9823.4316,9823.4316,0,HOLD
2026-03-19 15:03:00,9823.4316,9823.4316,0,HOLD
2026-03-19 15:04:00,9823.4316,9823.4316,0,HOLD
2026-03-19 15:05:00,9823.4316,9823.4316,0,HOLD
2026-03-19 15:06:00,9823.4316,9823.4316,0,HOLD
2026-03-19 15:07:00,9823.4316,9823.4316,0,EXIT
2026-03-19 15:08:00,9823.4316,9823.4316,0,HOLD
2026-03-19 15:09:00,9823.4316,9823.4316,0,HOLD
2026-03-19 15:10:00,9823.4316,9823.4316,0,HOLD
2026-03-19 15:11:00,9823.4316,9823.4316,0,HOLD
2026-03-19 15:12:00,9823.4316,9823.4316,0,HOLD
2026-03-19 15:13:00,9823.4316,9823.4316,0,HOLD
2026-03-19 15:14:00,9823.4316,9823.4316,0,HOLD
2026-03-19 15:15:00,9823.4316,9823.4316,0,HOLD
2026-03-19 15:16:00,9823.4316,9823.4316,0,HOLD
2026-03-19 15:17:00,9823.4316,9823.4316,0,HOLD
2026-03-19 15:18:00,9823.4316,9823.4316,0,HOLD
2026-03-19 15:19:00,9823.4316,9823.4316,0,HOLD
2026-03-19 15:20:00,9823.4316,9823.4316,0,HOLD
2026-03-19 15:21:00,9823.4316,9823.4316,0,HOLD
2026-03-19 15:22:00,9823.4316,9823.4316,0,HOLD
2026-03-19 15:23:00,9823.4316,9823.4316,0,HOLD
2026-03-19 15:24:00,9823.4316,9823.4316,0,HOLD
2026-03-19 15:25:00,9823.4316,9823.4316,0,HOLD
2026-03-19 15:26:00,9823.4316,9823.4316,0,HOLD
2026-03-19 15:27:00,9823.4316,9823.4316,0,HOLD
2026-03-19 15:28:00,9823.4316,9823.4316,0,HOLD
2026-03-19 15:29:00,9823.4316,9823.4316,0,HOLD
2026-03-19 15:30:00,9823.4316,9823.4316,0,HOLD
2026-03-19 15:31:00,9823.4316,9823.4316,0,HOLD
2026-03-19 15:32:00,9823.4316,9823.4316,0,HOLD
2026-03-19 15:33:00,9823.4316,9823.4316,0,HOLD
2026-03-19 15:34:00,9823.4316,9823.4316,0,HOLD
2026-03-19 15:35:00,9823.4316,9823.4316,0,HOLD
2026-03-19 15:36:00,9823.4316,9823.4316,0,HOLD
2026-03-19 15:37:00,9823.4316,9823.4316,0,HOLD
2026-03-19 15:38:00,9823.4316,9823.4316,0,HOLD
2026-03-19 15:39:00,9823.4316,9823.4316,0,HOLD
2026-03-19 15:40:00,9823.4316,9823.4316,0,HOLD
2026-03-19 15:41:00,9823.4316,9823.4316,0,HOLD
2026-03-19 15:42:00,9823.4316,9823.4316,0,HOLD
2026-03-19 15:43:00,9823.4316,9823.4316,0,HOLD
2026-03-19 15:44:00,9823.4316,9823.4316,0,HOLD
2026-03-19 15:45:00,9823.4316,9823.4316,0,HOLD
2026-03-19 15:46:00,9823.4316,9823.4316,0,HOLD
2026-03-19 15:47:00,9823.4316,9823.4316,0,HOLD
2026-03-19 15:48:00,9823.4316,9823.4316,0,HOLD
2026-03-19 15:49:00,9823.4316,9823.4316,0,HOLD
2026-03-19 15:50:00,9823.4316,9823.4316,0,HOLD
2026-03-19 15:51:00,9823.4316,9823.4316,0,EXIT
2026-03-19 15:52:00,9823.4316,9823.4316,0,EXIT
2026-03-19 15:53:00,9823.4316,9823.4316,0,HOLD
2026-03-19 15:54:00,9823.4316,9823.4316,0,EXIT
2026-03-19 15:55:00,9823.4316,9823.4316,0,HOLD
2026-03-19 15:56:00,9823.4316,9823.4316,0,HOLD
2026-03-19 15:57:00,9823.4316,9823.4316,0,HOLD
2026-03-19 15:58:00,9823.4316,9823.4316,0,EXIT
2026-03-19 15:59:00,9823.4316,9823.4316,0,EXIT
2026-03-20 09:30:00,9823.4316,9823.4316,0,EXIT
2026-03-20 09:31:00,9823.4316,9823.4316,0,HOLD
2026-03-20 09:32:00,9823.4316,9823.4316,0,HOLD
2026-03-20 09:33:00,9823.4316,9823.4316,0,HOLD
2026-03-20 09:34:00,9823.4316,9823.4316,0,EXIT
2026-03-20 09:35:00,9823.4316,9823.4316,0,HOLD
2026-03-20 09:36:00,9823.4316,9823.4316,0,EXIT
2026-03-20 09:37:00,9823.4316,9823.4316,0,EXIT
2026-03-20 09:38:00,9823.4316,9823.4316,0,EXIT
2026-03-20 09:39:00,9823.4316,9823.4316,0,HOLD
2026-03-20 09:40:00,9823.4316,9823.4316,0,HOLD
2026-03-20 09:41:00,9823.4316,9823.4316,0,SELL
2026-03-20 09:42:00,9823.4316,9823.4316,0,EXIT
2026-03-20 09:43:00,9823.4316,9823.4316,0,EXIT
2026-03-20 09:44:00,9823.4316,9823.4316,0,EXIT
2026-03-20 09:45:00,9823.4316,9823.4316,0,EXIT
2026-03-20 09:46:00,9823.4316,9823.4316,0,EXIT
2026-03-20 09:47:00,9823.4316,9823.4316,0,EXIT
2026-03-20 09:48:00,9823.4316,9823.4316,0,HOLD
2026-03-20 09:49:00,9823.4316,9823.4316,0,HOLD
2026-03-20 09:50:00,9823.4316,9823.4316,0,HOLD
2026-03-20 09:51:00,9823.4316,9823.4316,0,HOLD
2026-03-20 09:52:00,9823.4316,9823.4316,0,HOLD
2026-03-20 09:53:00,9823.4316,9823.4316,0,HOLD
2026-03-20 09:54:00,9823.4316,9823.4316,0,HOLD
2026-03-20 09:55:00,9823.4316,9823.4316,0,HOLD
2026-03-20 09:56:00,9823.4316,9823.4316,0,HOLD
2026-03-20 09:57:00,9823.4316,9823.4316,0,HOLD
2026-03-20 09:58:00,9823.4316,9823.4316,0,HOLD
2026-03-20 09:59:00,9823.4316,9823.4316,0,HOLD
2026-03-20 10:00:00,9823.4316,9823.4316,0,HOLD
2026-03-20 10:01:00,9823.4316,9823.4316,0,HOLD
2026-03-20 10:02:00,9823.4316,9823.4316,0,HOLD
2026-03-20 10:03:00,9823.4316,9823.4316,0,HOLD
2026-03-20 10:04:00,9823.4316,9823.4316,0,HOLD
2026-03-20 10:05:00,9823.4316,9823.4316,0,HOLD
2026-03-20 10:06:00,9823.4316,9823.4316,0,HOLD
2026-03-20 10:07:00,9823.4316,9823.4316,0,HOLD
2026-03-20 10:08:00,9823.4316,9823.4316,0,HOLD
2026-03-20 10:09:00,9823.4316,9823.4316,0,HOLD
2026-03-20 10:10:00,9823.4316,9823.4316,0,HOLD
2026-03-20 10:11:00,9823.4316,9823.4316,0,HOLD
2026-03-20 10:12:00,9823.4316,9823.4316,0,HOLD
2026-03-20 10:13:00,9823.4316,9823.4316,0,HOLD
2026-03-20 10:14:00,9823.4316,9823.4316,0,HOLD
2026-03-20 10:15:00,9823.4316,9823.4316,0,HOLD
2026-03-20 10:16:00,9823.4316,9823.4316,0,HOLD
2026-03-20 10:17:00,9823.4316,9823.4316,0,HOLD
2026-03-20 10:18:00,9823.4316,9823.4316,0,HOLD
2026-03-20 10:19:00,9823.4316,9823.4316,0,HOLD
2026-03-20 10:20:00,9823.4316,9823.4316,0,HOLD
2026-03-20 10:21:00,9823.4316,9823.4316,0,EXIT
2026-03-20 10:22:00,9823.4316,9823.4316,0,HOLD
2026-03-20 10:23:00,9823.4316,9823.4316,0,HOLD
2026-03-20 10:24:00,9823.4316,9823.4316,0,HOLD
2026-03-20 10:25:00,9823.4316,9823.4316,0,HOLD
2026-03-20 10:26:00,9823.4316,9823.4316,0,HOLD
2026-03-20 10:27:00,9823.4316,9823.4316,0,HOLD
2026-03-20 10:28:00,9823.4316,9823.4316,0,HOLD
2026-03-20 10:29:00,9823.4316,9823.4316,0,HOLD
2026-03-20 10:30:00,9823.4316,9823.4316,0,HOLD
2026-03-20 10:31:00,9823.4316,9823.4316,0,HOLD
2026-03-20 10:32:00,9823.4316,9823.4316,0,HOLD
2026-03-20 10:33:00,9823.4316,9823.4316,0,HOLD
2026-03-20 10:34:00,9823.4316,9823.4316,0,HOLD
2026-03-20 10:35:00,9823.4316,9823.4316,0,HOLD
2026-03-20 10:36:00,9823.4316,9823.4316,0,HOLD
2026-03-20 10:37:00,9823.4316,9823.4316,0,HOLD
2026-03-20 10:38:00,9823.4316,9823.4316,0,HOLD
2026-03-20 10:39:00,9823.4316,9823.4316,0,HOLD
2026-03-20 10:40:00,9823.4316,9823.4316,0,HOLD
2026-03-20 10:41:00,9823.4316,9823.4316,0,HOLD
2026-03-20 10:42:00,9823.4316,9823.4316,0,HOLD
2026-03-20 10:43:00,9823.4316,9823.4316,0,HOLD
2026-03-20 10:44:00,9823.4316,9823.4316,0,HOLD
2026-03-20 10:45:00,9823.4316,9823.4316,0,HOLD
2026-03-20 10:46:00,9823.4316,9823.4316,0,HOLD
2026-03-20 10:47:00,9823.4316,9823.4316,0,EXIT
2026-03-20 10:48:00,9823.4316,9823.4316,0,EXIT
2026-03-20 10:49:00,9823.4316,9823.4316,0,HOLD
2026-03-20 10:50:00,9823.4316,9823.4316,0,EXIT
2026-03-20 10:51:00,9823.4316,9823.4316,0,HOLD
2026-03-20 10:52:00,9823.4316,9823.4316,0,HOLD
2026-03-20 10:53:00,9823.4316,9823.4316,0,HOLD
2026-03-20 10:54:00,9823.4316,9823.4316,0,EXIT
2026-03-20 10:55:00,9823.4316,9823.4316,0,HOLD
2026-03-20 10:56:00,9823.4316,9823.4316,0,HOLD
2026-03-20 10:57:00,9823.4316,9823.4316,0,HOLD
2026-03-20 10:58:00,9823.4316,9823.4316,0,HOLD
2026-03-20 10:59:00,9823.4316,9823.4316,0,HOLD
2026-03-20 11:00:00,9823.4316,9823.4316,0,HOLD
2026-03-20 11:01:00,9823.4316,9823.4316,0,HOLD
2026-03-20 11:02:00,9823.4316,9823.4316,0,HOLD
2026-03-20 11:03:00,9823.4316,9823.4316,0,HOLD
2026-03-20 11:04:00,9823.4316,9823.4316,0,HOLD
2026-03-20 11:05:00,9823.4316,9823.4316,0,HOLD
2026-03-20 11:06:00,9823.4316,9823.4316,0,HOLD
2026-03-20 11:07:00,9823.4316,9823.4316,0,HOLD
2026-03-20 11:08:00,9823.4316,9823.4316,0,HOLD
2026-03-20 11:09:00,9823.4316,9823.4316,0,HOLD
2026-03-20 11:10:00,9823.4316,9823.4316,0,HOLD
2026-03-20 11:11:00,9823.4316,9823.4316,0,HOLD
2026-03-20 11:12:00,9823.4316,9823.4316,0,HOLD
2026-03-20 11:13:00,9823.4316,9823.4316,0,HOLD
2026-03-20 11:14:00,9823.4316,9823.4316,0,HOLD
2026-03-20 11:15:00,9823.4316,9823.4316,0,HOLD
2026-03-20 11:16:00,9823.4316,9823.4316,0,HOLD
2026-03-20 11:17:00,9823.4316,9823.4316,0,HOLD
2026-03-20 11:18:00,9823.4316,9823.4316,0,HOLD
2026-03-20 11:19:00,9823.4316,9823.4316,0,HOLD
2026-03-20 11:20:00,9823.4316,9823.4316,0,HOLD
2026-03-20 11:21:00,9823.4316,9823.4316,0,HOLD
2026-03-20 11:22:00,9823.4316,9823.4316,0,HOLD
2026-03-20 11:23:00,9823.4316,9823.4316,0,HOLD
2026-03-20 11:24:00,9823.4316,9823.4316,0,HOLD
2026-03-20 11:25:00,9823.4316,9823.4316,0,HOLD
2026-03-20 11:26:00,9823.4316,9823.4316,0,EXIT
2026-03-20 11:27:00,9823.4316,9823.4316,0,EXIT
2026-03-20 11:28:00,9823.4316,9823.4316,0,HOLD
2026-03-20 11:29:00,9823.4316,9823.4316,0,HOLD
2026-03-20 11:30:00,9823.4316,9823.4316,0,HOLD
2026-03-20 11:31:00,9823.4316,9823.4316,0,EXIT
2026-03-20 11:32:00,9823.4316,9823.4316,0,EXIT
2026-03-20 11:33:00,9823.4316,9823.4316,0,HOLD
2026-03-20 11:34:00,9823.4316,9823.4316,0,EXIT
2026-03-20 11:35:00,9823.4316,9823.4316,0,HOLD
2026-03-20 11:36:00,9823.4316,9823.4316,0,HOLD
2026-03-20 11:37:00,9823.4316,9823.4316,0,HOLD
2026-03-20 11:38:00,9823.4316,9823.4316,0,HOLD
2026-03-20 11:39:00,9823.4316,9823.4316,0,EXIT
2026-03-20 11:40:00,9823.4316,9823.4316,0,EXIT
2026-03-20 11:41:00,9823.4316,9823.4316,0,EXIT
2026-03-20 11:42:00,9823.4316,9823.4316,0,HOLD
2026-03-20 11:43:00,9823.4316,9823.4316,0,HOLD
2026-03-20 11:44:00,9823.4316,9823.4316,0,HOLD
2026-03-20 11:45:00,9823.4316,9823.4316,0,HOLD
2026-03-20 11:46:00,9823.4316,9823.4316,0,HOLD
2026-03-20 11:47:00,9823.4316,9823.4316,0,HOLD
2026-03-20 11:48:00,9823.4316,9823.4316,0,HOLD
2026-03-20 11:49:00,9823.4316,9823.4316,0,HOLD
2026-03-20 11:50:00,9823.4316,9823.4316,0,HOLD
2026-03-20 11:51:00,9823.4316,9823.4316,0,HOLD
2026-03-20 11:52:00,9823.4316,9823.4316,0,HOLD
2026-03-20 11:53:00,9823.4316,9823.4316,0,HOLD
2026-03-20 11:54:00,9823.4316,9823.4316,0,HOLD
2026-03-20 11:55:00,9823.4316,9823.4316,0,HOLD
2026-03-20 11:56:00,9823.4316,9823.4316,0,HOLD
2026-03-20 11:57:00,9823.4316,9823.4316,0,HOLD
2026-03-20 11:58:00,9823.4316,9823.4316,0,HOLD
2026-03-20 11:59:00,9823.4316,9823.4316,0,HOLD
2026-03-20 12:00:00,9823.4316,9823.4316,0,HOLD
2026-03-20 12:01:00,9823.4316,9823.4316,0,HOLD
2026-03-20 12:02:00,9823.4316,9823.4316,0,HOLD
2026-03-20 12:03:00,9823.4316,9823.4316,0,HOLD
2026-03-20 12:04:00,9823.4316,9823.4316,0,HOLD
2026-03-20 12:05:00,9823.4316,9823.4316,0,EXIT
2026-03-20 12:06:00,9823.4316,9823.4316,0,EXIT
2026-03-20 12:07:00,9823.4316,9823.4316,0,EXIT
2026-03-20 12:08:00,9823.4316,9823.4316,0,HOLD
2026-03-20 12:09:00,9823.4316,9823.4316,0,HOLD
2026-03-20 12:10:00,9823.4316,9823.4316,0,HOLD
2026-03-20 12:11:00,9823.4316,9823.4316,0,EXIT
2026-03-20 12:12:00,9823.4316,9823.4316,0,EXIT
2026-03-20 12:13:00,9823.4316,9823.4316,0,EXIT
2026-03-20 12:14:00,9823.4316,9823.4316,0,EXIT
2026-03-20 12:15:00,9823.4316,9823.4316,0,HOLD
2026-03-20 12:16:00,9823.4316,9823.4316,0,HOLD
2026-03-20 12:17:00,9823.4316,9823.4316,0,HOLD
2026-03-20 12:18:00,9823.4316,9823.4316,0,HOLD
2026-03-20 12:19:00,9823.4316,9823.4316,0,HOLD
2026-03-20 12:20:00,9823.4316,9823.4316,0,HOLD
2026-03-20 12:21:00,9823.4316,9823.4316,0,HOLD
2026-03-20 12:22:00,9823.4316,9823.4316,0,HOLD
2026-03-20 12:23:00,9823.4316,9823.4316,0,HOLD
2026-03-20 12:24:00,9823.4316,9823.4316,0,HOLD
2026-03-20 12:25:00,9823.4316,9823.4316,0,HOLD
2026-03-20 12:26:00,9823.4316,9823.4316,0,HOLD
2026-03-20 12:27:00,9823.4316,9823.4316,0,HOLD
2026-03-20 12:28:00,9823.4316,9823.4316,0,HOLD
2026-03-20 12:29:00,9823.4316,9823.4316,0,HOLD
2026-03-20 12:30:00,9823.4316,9823.4316,0,HOLD
2026-03-20 12:31:00,9823.4316,9823.4316,0,HOLD
2026-03-20 12:32:00,9823.4316,9823.4316,0,HOLD
2026-03-20 12:33:00,9823.4316,9823.4316,0,HOLD
2026-03-20 12:34:00,9823.4316,9823.4316,0,HOLD
2026-03-20 12:35:00,9823.4316,9823.4316,0,HOLD
2026-03-20 12:36:00,9823.4316,9823.4316,0,HOLD
2026-03-20 12:37:00,9823.4316,9823.4316,0,HOLD
2026-03-20 12:38:00,9823.4316,9823.4316,0,HOLD
2026-03-20 12:39:00,9823.4316,9823.4316,0,HOLD
2026-03-20 12:40:00,9823.4316,9823.4316,0,HOLD
2026-03-20 12:41:00,9823.4316,9823.4316,0,HOLD
2026-03-20 12:42:00,9823.4316,9823.4316,0,HOLD
2026-03-20 12:43:00,9823.4316,9823.4316,0,EXIT
2026-03-20 12:44:00,9823.4316,9823.4316,0,HOLD
2026-03-20 12:45:00,9823.4316,9823.4316,0,HOLD
2026-03-20 12:46:00,9823.4316,9823.4316,0,HOLD
2026-03-20 12:47:00,9823.4316,9823.4316,0,HOLD
2026-03-20 12:48:00,9823.4316,9823.4316,0,HOLD
2026-03-20 12:49:00,9823.4316,9823.4316,0,HOLD
2026-03-20 12:50:00,9823.4316,9823.4316,0,HOLD
2026-03-20 12:51:00,9823.4316,9823.4316,0,HOLD
2026-03-20 12:52:00,9823.4316,9823.4316,0,HOLD
2026-03-20 12:53:00,9823.4316,9823.4316,0,HOLD
2026-03-20 12:54:00,9823.4316,9823.4316,0,HOLD
2026-03-20 12:55:00,9823.4316,9823.4316,0,HOLD
2026-03-20 12:56:00,9823.4316,9823.4316,0,HOLD
2026-03-20 12:57:00,9823.4316,9823.4316,0,HOLD
2026-03-20 12:58:00,9823.4316,9823.4316,0,HOLD
2026-03-20 12:59:00,9823.4316,9823.4316,0,HOLD
2026-03-20 13:00:00,9823.4316,9823.4316,0,HOLD
2026-03-20 13:01:00,9823.4316,9823.4316,0,EXIT
2026-03-20 13:02:00,9823.4316,9823.4316,0,HOLD
2026-03-20 13:03:00,9823.4316,9823.4316,0,EXIT
2026-03-20 13:04:00,9823.4316,9823.4316,0,HOLD
2026-03-20 13:05:00,9823.4316,9823.4316,0,EXIT
2026-03-20 13:06:00,9823.4316,9823.4316,0,HOLD
2026-03-20 13:07:00,9823.4316,9823.4316,0,EXIT
2026-03-20 13:08:00,9823.4316,9823.4316,0,HOLD
2026-03-20 13:09:00,9823.4316,9823.4316,0,HOLD
2026-03-20 13:10:00,9823.4316,9823.4316,0,HOLD
2026-03-20 13:11:00,9823.4316,9823.4316,0,HOLD
2026-03-20 13:12:00,9823.4316,9823.4316,0,HOLD
2026-03-20 13:13:00,9823.4316,9823.4316,0,HOLD
2026-03-20 13:14:00,9823.4316,9823.4316,0,HOLD
2026-03-20 13:15:00,9823.4316,9823.4316,0,HOLD
2026-03-20 13:16:00,9823.4316,9823.4316,0,HOLD
2026-03-20 13:17:00,9823.4316,9823.4316,0,HOLD
2026-03-20 13:18:00,9823.4316,9823.4316,0,HOLD
2026-03-20 13:19:00,9823.4316,9823.4316,0,HOLD
2026-03-20 13:20:00,9823.4316,9823.4316,0,HOLD
2026-03-20 13:21:00,9823.4316,9823.4316,0,HOLD
2026-03-20 13:22:00,9823.4316,9823.4316,0,HOLD
2026-03-20 13:23:00,9823.4316,9823.4316,0,HOLD
2026-03-20 13:24:00,9823.4316,9823.4316,0,HOLD
2026-03-20 13:25:00,9823.4316,9823.4316,0,EXIT
2026-03-20 13:26:00,9823.4316,9823.4316,0,EXIT
2026-03-20 13:27:00,9823.4316,9823.4316,0,EXIT
2026-03-20 13:28:00,9823.4316,9823.4316,0,HOLD
2026-03-20 13:29:00,9823.4316,9823.4316,0,HOLD
2026-03-20 13:30:00,9823.4316,9823.4316,0,HOLD
2026-03-20 13:31:00,9823.4316,9823.4316,0,HOLD
2026-03-20 13:32:00,9823.4316,9823.4316,0,HOLD
2026-03-20 13:33:00,9823.4316,9823.4316,0,HOLD
2026-03-20 13:34:00,9823.4316,9823.4316,0,HOLD
2026-03-20 13:35:00,9823.4316,9823.4316,0,HOLD
2026-03-20 13:36:00,9823.4316,9823.4316,0,HOLD
2026-03-20 13:37:00,9823.4316,9823.4316,0,HOLD
2026-03-20 13:38:00,9823.4316,9823.4316,0,HOLD
2026-03-20 13:39:00,9823.4316,9823.4316,0,HOLD
2026-03-20 13:40:00,9823.4316,9823.4316,0,HOLD
2026-03-20 13:41:00,9823.4316,9823.4316,0,HOLD
2026-03-20 13:42:00,9823.4316,9823.4316,0,HOLD
2026-03-20 13:43:00,9823.4316,9823.4316,0,HOLD
2026-03-20 13:44:00,9823.4316,9823.4316,0,HOLD
2026-03-20 13:45:00,9823.4316,9823.4316,0,HOLD
2026-03-20 13:46:00,9823.4316,9823.4316,0,HOLD
2026-03-20 13:47:00,9823.4316,9823.4316,0,HOLD
2026-03-20 13:48:00,9823.4316,9823.4316,0,EXIT
2026-03-20 13:49:00,9823.4316,9823.4316,0,HOLD
2026-03-20 13:50:00,9823.4316,9823.4316,0,EXIT
2026-03-20 13:51:00,9823.4316,9823.4316,0,HOLD
2026-03-20 13:52:00,9823.4316,9823.4316,0,HOLD
2026-03-20 13:53:00,9823.4316,9823.4316,0,HOLD
2026-03-20 13:54:00,9823.4316,9823.4316,0,HOLD
2026-03-20 13:55:00,9823.4316,9823.4316,0,HOLD
2026-03-20 13:56:00,9823.4316,9823.4316,0,HOLD
2026-03-20 13:57:00,9823.4316,9823.4316,0,HOLD
2026-03-20 13:58:00,9823.4316,9823.4316,0,HOLD
2026-03-20 13:59:00,9823.4316,9823.4316,0,HOLD
2026-03-20 14:00:00,9823.4316,9823.4316,0,HOLD
2026-03-20 14:01:00,9823.4316,9823.4316,0,HOLD
2026-03-20 14:02:00,9823.4316,9823.4316,0,HOLD
2026-03-20 14:03:00,9823.4316,9823.4316,0,HOLD
2026-03-20 14:04:00,9823.4316,9823.4316,0,HOLD
2026-03-20 14:05:00,9823.4316,9823.4316,0,HOLD
2026-03-20 14:06:00,9823.4316,9823.4316,0,HOLD
2026-03-20 14:07:00,9823.4316,9823.4316,0,HOLD
2026-03-20 14:08:00,9823.4316,9823.4316,0,HOLD
2026-03-20 14:09:00,9823.4316,9823.4316,0,HOLD
2026-03-20 14:10:00,9823.4316,9823.4316,0,HOLD
2026-03-20 14:11:00,9823.4316,9823.4316,0,HOLD
2026-03-20 14:12:00,9823.4316,9823.4316,0,HOLD
2026-03-20 14:13:00,9823.4316,9823.4316,0,HOLD
2026-03-20 14:14:00,9823.4316,9823.4316,0,HOLD
2026-03-20 14:15:00,9823.4316,9823.4316,0,HOLD
2026-03-20 14:16:00,9823.4316,9823.4316,0,HOLD
2026-03-20 14:17:00,9823.4316,9823.4316,0,HOLD
2026-03-20 14:18:00,9823.4316,9823.4316,0,HOLD
2026-03-20 14:19:00,9823.4316,9823.4316,0,HOLD
2026-03-20 14:20:00,9823.4316,9823.4316,0,HOLD
2026-03-20 14:21:00,9823.4316,9823.4316,0,HOLD
2026-03-20 14:22:00,9823.4316,9823.4316,0,HOLD
2026-03-20 14:23:00,9823.4316,9823.4316,0,HOLD
2026-03-20 14:24:00,9823.4316,9823.4316,0,HOLD
2026-03-20 14:25:00,9823.4316,9823.4316,0,HOLD
2026-03-20 14:26:00,9823.4316,9823.4316,0,HOLD
2026-03-20 14:27:00,9823.4316,9823.4316,0,HOLD
2026-03-20 14:28:00,9823.4316,9823.4316,0,HOLD
2026-03-20 14:29:00,9823.4316,9823.4316,0,HOLD
2026-03-20 14:30:00,9823.4316,9823.4316,0,HOLD
2026-03-20 14:31:00,9823.4316,9823.4316,0,HOLD
2026-03-20 14:32:00,9823.4316,9823.4316,0,HOLD
2026-03-20 14:33:00,9823.4316,9823.4316,0,HOLD
2026-03-20 14:34:00,9823.4316,9823.4316,0,HOLD
2026-03-20 14:35:00,9823.4316,9823.4316,0,HOLD
2026-03-20 14:36:00,9823.4316,9823.4316,0,HOLD
2026-03-20 14:37:00,9823.4316,9823.4316,0,HOLD
2026-03-20 14:38:00,9823.4316,9823.4316,0,HOLD
2026-03-20 14:39:00,9823.4316,9823.4316,0,HOLD
2026-03-20 14:40:00,9823.4316,9823.4316,0,HOLD
2026-03-20 14:41:00,9823.4316,9823.4316,0,HOLD
2026-03-20 14:42:00,9823.4316,9823.4316,0,EXIT
2026-03-20 14:43:00,9823.4316,9823.4316,0,EXIT
2026-03-20 14:44:00,9823.4316,9823.4316,0,HOLD
2026-03-20 14:45:00,9823.4316,9823.4316,0,EXIT
2026-03-20 14:46:00,9823.4316,9823.4316,0,HOLD
2026-03-20 14:47:00,9823.4316,9823.4316,0,EXIT
2026-03-20 14:48:00,9823.4316,9823.4316,0,HOLD
2026-03-20 14:49:00,9823.4316,9823.4316,0,HOLD
2026-03-20 14:50:00,9823.4316,9823.4316,0,HOLD
2026-03-20 14:51:00,9823.4316,9823.4316,0,HOLD
2026-03-20 14:52:00,9823.4316,9823.4316,0,HOLD
2026-03-20 14:53:00,9823.4316,9823.4316,0,HOLD
2026-03-20 14:54:00,9823.4316,9823.4316,0,HOLD
2026-03-20 14:55:00,9823.4316,9823.4316,0,HOLD
2026-03-20 14:56:00,9823.4316,9823.4316,0,HOLD
2026-03-20 14:57:00,9823.4316,9823.4316,0,HOLD
2026-03-20 14:58:00,9823.4316,9823.4316,0,HOLD
2026-03-20 14:59:00,9823.4316,9823.4316,0,HOLD
2026-03-20 15:00:00,9823.4316,9823.4316,0,EXIT
2026-03-20 15:01:00,9823.4316,9823.4316,0,HOLD
2026-03-20 15:02:00,9823.4316,9823.4316,0,HOLD
2026-03-20 15:03:00,9823.4316,9823.4316,0,HOLD
2026-03-20 15:04:00,9823.4316,9823.4316,0,HOLD
2026-03-20 15:05:00,9823.4316,9823.4316,0,HOLD
2026-03-20 15:06:00,9823.4316,9823.4316,0,HOLD
2026-03-20 15:07:00,9823.4316,9823.4316,0,HOLD
2026-03-20 15:08:00,9823.4316,9823.4316,0,HOLD
2026-03-20 15:09:00,9823.4316,9823.4316,0,HOLD
2026-03-20 15:10:00,9823.4316,9823.4316,0,HOLD
2026-03-20 15:11:00,9823.4316,9823.4316,0,HOLD
2026-03-20 15:12:00,9823.4316,9823.4316,0,HOLD
2026-03-20 15:13:00,9823.4316,9823.4316,0,HOLD
2026-03-20 15:14:00,9823.4316,9823.4316,0,HOLD
2026-03-20 15:15:00,9823.4316,9823.4316,0,HOLD
2026-03-20 15:16:00,9823.4316,9823.4316,0,HOLD
2026-03-20 15:17:00,9823.4316,9823.4316,0,HOLD
2026-03-20 15:18:00,9823.4316,9823.4316,0,EXIT
2026-03-20 15:19:00,9823.4316,9823.4316,0,EXIT
2026-03-20 15:20:00,9823.4316,9823.4316,0,HOLD
2026-03-20 15:21:00,9823.4316,9823.4316,0,HOLD
2026-03-20 15:22:00,9823.4316,9823.4316,0,HOLD
2026-03-20 15:23:00,9823.4316,9823.4316,0,HOLD
2026-03-20 15:24:00,9823.4316,9823.4316,0,EXIT
2026-03-20 15:25:00,9823.4316,9823.4316,0,EXIT
2026-03-20 15:26:00,9823.4316,9823.4316,0,EXIT
2026-03-20 15:27:00,9823.4316,9823.4316,0,EXIT
2026-03-20 15:28:00,9823.4316,9823.4316,0,HOLD
2026-03-20 15:29:00,9823.4316,9823.4316,0,HOLD
2026-03-20 15:30:00,9823.4316,9823.4316,0,EXIT
2026-03-20 15:31:00,9823.4316,9823.4316,0,EXIT
2026-03-20 15:32:00,9823.4316,9823.4316,0,EXIT
2026-03-20 15:33:00,9823.4316,9823.4316,0,HOLD
2026-03-20 15:34:00,9823.4316,9823.4316,0,HOLD
2026-03-20 15:35:00,9823.4316,9823.4316,0,HOLD
2026-03-20 15:36:00,9823.4316,9823.4316,0,HOLD
2026-03-20 15:37:00,9823.4316,9823.4316,0,HOLD
2026-03-20 15:38:00,9823.4316,9823.4316,0,HOLD
2026-03-20 15:39:00,9823.4316,9823.4316,0,HOLD
2026-03-20 15:40:00,9823.4316,596.1518,57,BUY
2026-03-20 15:41:00,9801.5118,596.1518,57,HOLD
2026-03-20 15:42:00,9814.7963,596.1518,57,BUY
2026-03-20 15:43:00,9779.5678,596.1518,57,HOLD
2026-03-20 15:44:00,9754.9883,596.1518,57,HOLD
2026-03-20 15:45:00,9715.8593,9715.8593,0,HOLD
2026-03-20 15:46:00,9715.8593,9715.8593,0,HOLD
2026-03-20 15:47:00,9715.8593,9715.8593,0,HOLD
2026-03-20 15:48:00,9715.8593,9715.8593,0,HOLD
2026-03-20 15:49:00,9715.8593,9715.8593,0,HOLD
2026-03-20 15:50:00,9715.8593,9715.8593,0,HOLD
2026-03-20 15:51:00,9715.8593,9715.8593,0,HOLD
2026-03-20 15:52:00,9715.8593,9715.8593,0,BUY
2026-03-20 15:53:00,9715.8593,9715.8593,0,HOLD
2026-03-20 15:54:00,9715.8593,9715.8593,0,HOLD
2026-03-20 15:55:00,9715.8593,9715.8593,0,HOLD
2026-03-20 15:56:00,9715.8593,9715.8593,0,HOLD
2026-03-20 15:57:00,9715.8593,9715.8593,0,HOLD
2026-03-20 15:58:00,9715.8593,9715.8593,0,HOLD
2026-03-20 15:59:00,9715.8593,9715.8593,0,HOLD
